x:image,y:label
.\0\0.csv,0
.\0\1.csv,0
.\0\2.csv,0
.\0\3.csv,0
.\0\4.csv,0
.\0\5.csv,0
.\0\6.csv,0
.\0\7.csv,0
.\0\10.csv,0
.\0\11.csv,0
.\0\12.csv,0
.\0\13.csv,0
.\0\14.csv,0
.\0\15.csv,0
.\0\16.csv,0
.\0\17.csv,0
.\0\20.csv,0
.\0\21.csv,0
.\0\22.csv,0
.\0\23.csv,0
.\0\24.csv,0
.\0\25.csv,0
.\0\26.csv,0
.\0\27.csv,0
.\0\30.csv,0
.\0\31.csv,0
.\0\32.csv,0
.\0\33.csv,0
.\0\34.csv,0
.\0\35.csv,0
.\0\36.csv,0
.\0\37.csv,0
.\0\40.csv,0
.\0\41.csv,0
.\0\42.csv,0
.\0\43.csv,0
.\0\44.csv,0
.\0\45.csv,0
.\0\46.csv,0
.\0\47.csv,0
.\0\50.csv,0
.\0\51.csv,0
.\0\52.csv,0
.\0\53.csv,0
.\0\54.csv,0
.\0\55.csv,0
.\0\56.csv,0
.\0\57.csv,0
.\0\60.csv,0
.\0\61.csv,0
.\0\62.csv,0
.\0\63.csv,0
.\0\64.csv,0
.\0\65.csv,0
.\0\66.csv,0
.\0\67.csv,0
.\0\70.csv,0
.\0\71.csv,0
.\0\72.csv,0
.\0\73.csv,0
.\0\74.csv,0
.\0\75.csv,0
.\0\76.csv,0
.\0\77.csv,0
.\0\80.csv,0
.\0\81.csv,0
.\0\82.csv,0
.\0\83.csv,0
.\0\84.csv,0
.\0\85.csv,0
.\0\86.csv,0
.\0\87.csv,0
.\0\90.csv,0
.\0\91.csv,0
.\0\92.csv,0
.\0\93.csv,0
.\0\94.csv,0
.\0\95.csv,0
.\0\96.csv,0
.\0\97.csv,0
.\0\100.csv,0
.\0\101.csv,0
.\0\102.csv,0
.\0\103.csv,0
.\0\104.csv,0
.\0\105.csv,0
.\0\106.csv,0
.\0\107.csv,0
.\0\110.csv,0
.\0\111.csv,0
.\0\112.csv,0
.\0\113.csv,0
.\0\114.csv,0
.\0\115.csv,0
.\0\116.csv,0
.\0\117.csv,0
.\0\120.csv,0
.\0\121.csv,0
.\0\122.csv,0
.\0\123.csv,0
.\0\124.csv,0
.\0\125.csv,0
.\0\126.csv,0
.\0\127.csv,0
.\0\130.csv,0
.\0\131.csv,0
.\0\132.csv,0
.\0\133.csv,0
.\0\134.csv,0
.\0\135.csv,0
.\0\136.csv,0
.\0\137.csv,0
.\0\140.csv,0
.\0\141.csv,0
.\0\142.csv,0
.\0\143.csv,0
.\0\144.csv,0
.\0\145.csv,0
.\0\146.csv,0
.\0\147.csv,0
.\0\150.csv,0
.\0\151.csv,0
.\0\152.csv,0
.\0\153.csv,0
.\0\154.csv,0
.\0\155.csv,0
.\0\156.csv,0
.\0\157.csv,0
.\0\160.csv,0
.\0\161.csv,0
.\0\162.csv,0
.\0\163.csv,0
.\0\164.csv,0
.\0\165.csv,0
.\0\166.csv,0
.\0\167.csv,0
.\0\170.csv,0
.\0\171.csv,0
.\0\172.csv,0
.\0\173.csv,0
.\0\174.csv,0
.\0\175.csv,0
.\0\176.csv,0
.\0\177.csv,0
.\0\180.csv,0
.\0\181.csv,0
.\0\182.csv,0
.\0\183.csv,0
.\0\184.csv,0
.\0\185.csv,0
.\0\186.csv,0
.\0\187.csv,0
.\0\190.csv,0
.\0\191.csv,0
.\0\192.csv,0
.\0\193.csv,0
.\0\194.csv,0
.\0\195.csv,0
.\0\196.csv,0
.\0\197.csv,0
.\0\200.csv,0
.\0\201.csv,0
.\0\202.csv,0
.\0\203.csv,0
.\0\204.csv,0
.\0\205.csv,0
.\0\206.csv,0
.\0\207.csv,0
.\0\210.csv,0
.\0\211.csv,0
.\0\212.csv,0
.\0\213.csv,0
.\0\214.csv,0
.\0\215.csv,0
.\0\216.csv,0
.\0\217.csv,0
.\0\220.csv,0
.\0\221.csv,0
.\0\222.csv,0
.\0\223.csv,0
.\0\224.csv,0
.\0\225.csv,0
.\0\226.csv,0
.\0\227.csv,0
.\0\230.csv,0
.\0\231.csv,0
.\0\232.csv,0
.\0\233.csv,0
.\0\234.csv,0
.\0\235.csv,0
.\0\236.csv,0
.\0\237.csv,0
.\0\240.csv,0
.\0\241.csv,0
.\0\242.csv,0
.\0\243.csv,0
.\0\244.csv,0
.\0\245.csv,0
.\0\246.csv,0
.\0\247.csv,0
.\0\250.csv,0
.\0\251.csv,0
.\0\252.csv,0
.\0\253.csv,0
.\0\254.csv,0
.\0\255.csv,0
.\0\256.csv,0
.\0\257.csv,0
.\0\260.csv,0
.\0\261.csv,0
.\0\262.csv,0
.\0\263.csv,0
.\0\264.csv,0
.\0\265.csv,0
.\0\266.csv,0
.\0\267.csv,0
.\0\270.csv,0
.\0\271.csv,0
.\0\272.csv,0
.\0\273.csv,0
.\0\274.csv,0
.\0\275.csv,0
.\0\276.csv,0
.\0\277.csv,0
.\0\280.csv,0
.\0\281.csv,0
.\0\282.csv,0
.\0\283.csv,0
.\0\284.csv,0
.\0\285.csv,0
.\0\286.csv,0
.\0\287.csv,0
.\0\290.csv,0
.\0\291.csv,0
.\0\292.csv,0
.\0\293.csv,0
.\0\294.csv,0
.\0\295.csv,0
.\0\296.csv,0
.\0\297.csv,0
.\0\300.csv,0
.\0\301.csv,0
.\0\302.csv,0
.\0\303.csv,0
.\0\304.csv,0
.\0\305.csv,0
.\0\306.csv,0
.\0\307.csv,0
.\0\310.csv,0
.\0\311.csv,0
.\0\312.csv,0
.\0\313.csv,0
.\0\314.csv,0
.\0\315.csv,0
.\0\316.csv,0
.\0\317.csv,0
.\0\320.csv,0
.\0\321.csv,0
.\0\322.csv,0
.\0\323.csv,0
.\0\324.csv,0
.\0\325.csv,0
.\0\326.csv,0
.\0\327.csv,0
.\0\330.csv,0
.\0\331.csv,0
.\0\332.csv,0
.\0\333.csv,0
.\0\334.csv,0
.\0\335.csv,0
.\0\336.csv,0
.\0\337.csv,0
.\0\340.csv,0
.\0\341.csv,0
.\0\342.csv,0
.\0\343.csv,0
.\0\344.csv,0
.\0\345.csv,0
.\0\346.csv,0
.\0\347.csv,0
.\0\350.csv,0
.\0\351.csv,0
.\0\352.csv,0
.\0\353.csv,0
.\0\354.csv,0
.\0\355.csv,0
.\0\356.csv,0
.\0\357.csv,0
.\0\360.csv,0
.\0\361.csv,0
.\0\362.csv,0
.\0\363.csv,0
.\0\364.csv,0
.\0\365.csv,0
.\0\366.csv,0
.\0\367.csv,0
.\0\370.csv,0
.\0\371.csv,0
.\0\372.csv,0
.\0\373.csv,0
.\0\374.csv,0
.\0\375.csv,0
.\0\376.csv,0
.\0\377.csv,0
.\0\380.csv,0
.\0\381.csv,0
.\0\382.csv,0
.\0\383.csv,0
.\0\384.csv,0
.\0\385.csv,0
.\0\386.csv,0
.\0\387.csv,0
.\0\390.csv,0
.\0\391.csv,0
.\0\392.csv,0
.\0\393.csv,0
.\0\394.csv,0
.\0\395.csv,0
.\0\396.csv,0
.\0\397.csv,0
.\0\400.csv,0
.\0\401.csv,0
.\0\402.csv,0
.\0\403.csv,0
.\0\404.csv,0
.\0\405.csv,0
.\0\406.csv,0
.\0\407.csv,0
.\0\410.csv,0
.\0\411.csv,0
.\0\412.csv,0
.\0\413.csv,0
.\0\414.csv,0
.\0\415.csv,0
.\0\416.csv,0
.\0\417.csv,0
.\0\420.csv,0
.\0\421.csv,0
.\0\422.csv,0
.\0\423.csv,0
.\0\424.csv,0
.\0\425.csv,0
.\0\426.csv,0
.\0\427.csv,0
.\0\430.csv,0
.\0\431.csv,0
.\0\432.csv,0
.\0\433.csv,0
.\0\434.csv,0
.\0\435.csv,0
.\0\436.csv,0
.\0\437.csv,0
.\0\440.csv,0
.\0\441.csv,0
.\0\442.csv,0
.\0\443.csv,0
.\0\444.csv,0
.\0\445.csv,0
.\0\446.csv,0
.\0\447.csv,0
.\0\450.csv,0
.\0\451.csv,0
.\0\452.csv,0
.\0\453.csv,0
.\0\454.csv,0
.\0\455.csv,0
.\0\456.csv,0
.\0\457.csv,0
.\0\460.csv,0
.\0\461.csv,0
.\0\462.csv,0
.\0\463.csv,0
.\0\464.csv,0
.\0\465.csv,0
.\0\466.csv,0
.\0\467.csv,0
.\0\470.csv,0
.\0\471.csv,0
.\0\472.csv,0
.\0\473.csv,0
.\0\474.csv,0
.\0\475.csv,0
.\0\476.csv,0
.\0\477.csv,0
.\0\480.csv,0
.\0\481.csv,0
.\0\482.csv,0
.\0\483.csv,0
.\0\484.csv,0
.\0\485.csv,0
.\0\486.csv,0
.\0\487.csv,0
.\0\490.csv,0
.\0\491.csv,0
.\0\492.csv,0
.\0\493.csv,0
.\0\494.csv,0
.\0\495.csv,0
.\0\496.csv,0
.\0\497.csv,0
.\0\500.csv,0
.\0\501.csv,0
.\0\502.csv,0
.\0\503.csv,0
.\0\504.csv,0
.\0\505.csv,0
.\0\506.csv,0
.\0\507.csv,0
.\0\510.csv,0
.\0\511.csv,0
.\0\512.csv,0
.\0\513.csv,0
.\0\514.csv,0
.\0\515.csv,0
.\0\516.csv,0
.\0\517.csv,0
.\0\520.csv,0
.\0\521.csv,0
.\0\522.csv,0
.\0\523.csv,0
.\0\524.csv,0
.\0\525.csv,0
.\0\526.csv,0
.\0\527.csv,0
.\0\530.csv,0
.\0\531.csv,0
.\0\532.csv,0
.\0\533.csv,0
.\0\534.csv,0
.\0\535.csv,0
.\0\536.csv,0
.\0\537.csv,0
.\0\540.csv,0
.\0\541.csv,0
.\0\542.csv,0
.\0\543.csv,0
.\0\544.csv,0
.\0\545.csv,0
.\0\546.csv,0
.\0\547.csv,0
.\0\550.csv,0
.\0\551.csv,0
.\0\552.csv,0
.\0\553.csv,0
.\0\554.csv,0
.\0\555.csv,0
.\0\556.csv,0
.\0\557.csv,0
.\0\560.csv,0
.\0\561.csv,0
.\0\562.csv,0
.\0\563.csv,0
.\0\564.csv,0
.\0\565.csv,0
.\0\566.csv,0
.\0\567.csv,0
.\0\570.csv,0
.\0\571.csv,0
.\0\572.csv,0
.\0\573.csv,0
.\0\574.csv,0
.\0\575.csv,0
.\0\576.csv,0
.\0\577.csv,0
.\0\580.csv,0
.\0\581.csv,0
.\0\582.csv,0
.\0\583.csv,0
.\0\584.csv,0
.\0\585.csv,0
.\0\586.csv,0
.\0\587.csv,0
.\0\590.csv,0
.\0\591.csv,0
.\0\592.csv,0
.\0\593.csv,0
.\0\594.csv,0
.\0\595.csv,0
.\0\596.csv,0
.\0\597.csv,0
.\0\600.csv,0
.\0\601.csv,0
.\0\602.csv,0
.\0\603.csv,0
.\0\604.csv,0
.\0\605.csv,0
.\0\606.csv,0
.\0\607.csv,0
.\0\610.csv,0
.\0\611.csv,0
.\0\612.csv,0
.\0\613.csv,0
.\0\614.csv,0
.\0\615.csv,0
.\0\616.csv,0
.\0\617.csv,0
.\0\620.csv,0
.\0\621.csv,0
.\0\622.csv,0
.\0\623.csv,0
.\0\624.csv,0
.\0\625.csv,0
.\0\626.csv,0
.\0\627.csv,0
.\0\630.csv,0
.\0\631.csv,0
.\0\632.csv,0
.\0\633.csv,0
.\0\634.csv,0
.\0\635.csv,0
.\0\636.csv,0
.\0\637.csv,0
.\0\640.csv,0
.\0\641.csv,0
.\0\642.csv,0
.\0\643.csv,0
.\0\644.csv,0
.\0\645.csv,0
.\0\646.csv,0
.\0\647.csv,0
.\0\650.csv,0
.\0\651.csv,0
.\0\652.csv,0
.\0\653.csv,0
.\0\654.csv,0
.\0\655.csv,0
.\0\656.csv,0
.\0\657.csv,0
.\0\660.csv,0
.\0\661.csv,0
.\0\662.csv,0
.\0\663.csv,0
.\0\664.csv,0
.\0\665.csv,0
.\0\666.csv,0
.\0\667.csv,0
.\0\670.csv,0
.\0\671.csv,0
.\0\672.csv,0
.\0\673.csv,0
.\0\674.csv,0
.\0\675.csv,0
.\0\676.csv,0
.\0\677.csv,0
.\0\680.csv,0
.\0\681.csv,0
.\0\682.csv,0
.\0\683.csv,0
.\0\684.csv,0
.\0\685.csv,0
.\0\686.csv,0
.\0\687.csv,0
.\0\690.csv,0
.\0\691.csv,0
.\0\692.csv,0
.\0\693.csv,0
.\0\694.csv,0
.\0\695.csv,0
.\0\696.csv,0
.\0\697.csv,0
.\0\700.csv,0
.\0\701.csv,0
.\0\702.csv,0
.\0\703.csv,0
.\0\704.csv,0
.\0\705.csv,0
.\0\706.csv,0
.\0\707.csv,0
.\0\710.csv,0
.\0\711.csv,0
.\0\712.csv,0
.\0\713.csv,0
.\0\714.csv,0
.\0\715.csv,0
.\0\716.csv,0
.\0\717.csv,0
.\0\720.csv,0
.\0\721.csv,0
.\0\722.csv,0
.\0\723.csv,0
.\0\724.csv,0
.\0\725.csv,0
.\0\726.csv,0
.\0\727.csv,0
.\0\730.csv,0
.\0\731.csv,0
.\0\732.csv,0
.\0\733.csv,0
.\0\734.csv,0
.\0\735.csv,0
.\0\736.csv,0
.\0\737.csv,0
.\0\740.csv,0
.\0\741.csv,0
.\0\742.csv,0
.\0\743.csv,0
.\0\744.csv,0
.\0\745.csv,0
.\0\746.csv,0
.\0\747.csv,0
.\0\750.csv,0
.\0\751.csv,0
.\0\752.csv,0
.\0\753.csv,0
.\0\754.csv,0
.\0\755.csv,0
.\0\756.csv,0
.\0\757.csv,0
.\0\760.csv,0
.\0\761.csv,0
.\0\762.csv,0
.\0\763.csv,0
.\0\764.csv,0
.\0\765.csv,0
.\0\766.csv,0
.\0\767.csv,0
.\0\770.csv,0
.\0\771.csv,0
.\0\772.csv,0
.\0\773.csv,0
.\0\774.csv,0
.\0\775.csv,0
.\0\776.csv,0
.\0\777.csv,0
.\0\780.csv,0
.\0\781.csv,0
.\0\782.csv,0
.\0\783.csv,0
.\0\784.csv,0
.\0\785.csv,0
.\0\786.csv,0
.\0\787.csv,0
.\0\790.csv,0
.\0\791.csv,0
.\0\792.csv,0
.\0\793.csv,0
.\0\794.csv,0
.\0\795.csv,0
.\0\796.csv,0
.\0\797.csv,0
.\0\800.csv,0
.\0\801.csv,0
.\0\802.csv,0
.\0\803.csv,0
.\0\804.csv,0
.\0\805.csv,0
.\0\806.csv,0
.\0\807.csv,0
.\0\810.csv,0
.\0\811.csv,0
.\0\812.csv,0
.\0\813.csv,0
.\0\814.csv,0
.\0\815.csv,0
.\0\816.csv,0
.\0\817.csv,0
.\0\820.csv,0
.\0\821.csv,0
.\0\822.csv,0
.\0\823.csv,0
.\0\824.csv,0
.\0\825.csv,0
.\0\826.csv,0
.\0\827.csv,0
.\0\830.csv,0
.\0\831.csv,0
.\0\832.csv,0
.\0\833.csv,0
.\0\834.csv,0
.\0\835.csv,0
.\0\836.csv,0
.\0\837.csv,0
.\0\840.csv,0
.\0\841.csv,0
.\0\842.csv,0
.\0\843.csv,0
.\0\844.csv,0
.\0\845.csv,0
.\0\846.csv,0
.\0\847.csv,0
.\0\850.csv,0
.\0\851.csv,0
.\0\852.csv,0
.\0\853.csv,0
.\0\854.csv,0
.\0\855.csv,0
.\0\856.csv,0
.\0\857.csv,0
.\0\860.csv,0
.\0\861.csv,0
.\0\862.csv,0
.\0\863.csv,0
.\0\864.csv,0
.\0\865.csv,0
.\0\866.csv,0
.\0\867.csv,0
.\1\870.csv,1
.\1\871.csv,1
.\1\872.csv,1
.\1\873.csv,1
.\1\874.csv,1
.\1\875.csv,1
.\1\876.csv,1
.\1\877.csv,1
.\1\880.csv,1
.\1\881.csv,1
.\1\882.csv,1
.\1\883.csv,1
.\1\884.csv,1
.\1\885.csv,1
.\1\886.csv,1
.\1\887.csv,1
.\1\890.csv,1
.\1\891.csv,1
.\1\892.csv,1
.\1\893.csv,1
.\1\894.csv,1
.\1\895.csv,1
.\1\896.csv,1
.\1\897.csv,1
.\1\900.csv,1
.\1\901.csv,1
.\1\902.csv,1
.\1\903.csv,1
.\1\904.csv,1
.\1\905.csv,1
.\1\906.csv,1
.\1\907.csv,1
.\1\910.csv,1
.\1\911.csv,1
.\1\912.csv,1
.\1\913.csv,1
.\1\914.csv,1
.\1\915.csv,1
.\1\916.csv,1
.\1\917.csv,1
.\1\920.csv,1
.\1\921.csv,1
.\1\922.csv,1
.\1\923.csv,1
.\1\924.csv,1
.\1\925.csv,1
.\1\926.csv,1
.\1\927.csv,1
.\1\930.csv,1
.\1\931.csv,1
.\1\932.csv,1
.\1\933.csv,1
.\1\934.csv,1
.\1\935.csv,1
.\1\936.csv,1
.\1\937.csv,1
.\1\940.csv,1
.\1\941.csv,1
.\1\942.csv,1
.\1\943.csv,1
.\1\944.csv,1
.\1\945.csv,1
.\1\946.csv,1
.\1\947.csv,1
.\1\950.csv,1
.\1\951.csv,1
.\1\952.csv,1
.\1\953.csv,1
.\1\954.csv,1
.\1\955.csv,1
.\1\956.csv,1
.\1\957.csv,1
.\1\960.csv,1
.\1\961.csv,1
.\1\962.csv,1
.\1\963.csv,1
.\1\964.csv,1
.\1\965.csv,1
.\1\966.csv,1
.\1\967.csv,1
.\1\970.csv,1
.\1\971.csv,1
.\1\972.csv,1
.\1\973.csv,1
.\1\974.csv,1
.\1\975.csv,1
.\1\976.csv,1
.\1\977.csv,1
.\1\980.csv,1
.\1\981.csv,1
.\1\982.csv,1
.\1\983.csv,1
.\1\984.csv,1
.\1\985.csv,1
.\1\986.csv,1
.\1\987.csv,1
.\1\990.csv,1
.\1\991.csv,1
.\1\992.csv,1
.\1\993.csv,1
.\1\994.csv,1
.\1\995.csv,1
.\1\996.csv,1
.\1\997.csv,1
.\1\1000.csv,1
.\1\1001.csv,1
.\1\1002.csv,1
.\1\1003.csv,1
.\1\1004.csv,1
.\1\1005.csv,1
.\1\1006.csv,1
.\1\1007.csv,1
.\1\1010.csv,1
.\1\1011.csv,1
.\1\1012.csv,1
.\1\1013.csv,1
.\1\1014.csv,1
.\1\1015.csv,1
.\1\1016.csv,1
.\1\1017.csv,1
.\1\1020.csv,1
.\1\1021.csv,1
.\1\1022.csv,1
.\1\1023.csv,1
.\1\1024.csv,1
.\1\1025.csv,1
.\1\1026.csv,1
.\1\1027.csv,1
.\1\1030.csv,1
.\1\1031.csv,1
.\1\1032.csv,1
.\1\1033.csv,1
.\1\1034.csv,1
.\1\1035.csv,1
.\1\1036.csv,1
.\1\1037.csv,1
.\1\1040.csv,1
.\1\1041.csv,1
.\1\1042.csv,1
.\1\1043.csv,1
.\1\1044.csv,1
.\1\1045.csv,1
.\1\1046.csv,1
.\1\1047.csv,1
.\1\1050.csv,1
.\1\1051.csv,1
.\1\1052.csv,1
.\1\1053.csv,1
.\1\1054.csv,1
.\1\1055.csv,1
.\1\1056.csv,1
.\1\1057.csv,1
.\1\1060.csv,1
.\1\1061.csv,1
.\1\1062.csv,1
.\1\1063.csv,1
.\1\1064.csv,1
.\1\1065.csv,1
.\1\1066.csv,1
.\1\1067.csv,1
.\1\1070.csv,1
.\1\1071.csv,1
.\1\1072.csv,1
.\1\1073.csv,1
.\1\1074.csv,1
.\1\1075.csv,1
.\1\1076.csv,1
.\1\1077.csv,1
.\1\1080.csv,1
.\1\1081.csv,1
.\1\1082.csv,1
.\1\1083.csv,1
.\1\1084.csv,1
.\1\1085.csv,1
.\1\1086.csv,1
.\1\1087.csv,1
.\1\1090.csv,1
.\1\1091.csv,1
.\1\1092.csv,1
.\1\1093.csv,1
.\1\1094.csv,1
.\1\1095.csv,1
.\1\1096.csv,1
.\1\1097.csv,1
.\1\1100.csv,1
.\1\1101.csv,1
.\1\1102.csv,1
.\1\1103.csv,1
.\1\1104.csv,1
.\1\1105.csv,1
.\1\1106.csv,1
.\1\1107.csv,1
.\1\1110.csv,1
.\1\1111.csv,1
.\1\1112.csv,1
.\1\1113.csv,1
.\1\1114.csv,1
.\1\1115.csv,1
.\1\1116.csv,1
.\1\1117.csv,1
.\1\1120.csv,1
.\1\1121.csv,1
.\1\1122.csv,1
.\1\1123.csv,1
.\1\1124.csv,1
.\1\1125.csv,1
.\1\1126.csv,1
.\1\1127.csv,1
.\1\1130.csv,1
.\1\1131.csv,1
.\1\1132.csv,1
.\1\1133.csv,1
.\1\1134.csv,1
.\1\1135.csv,1
.\1\1136.csv,1
.\1\1137.csv,1
.\1\1140.csv,1
.\1\1141.csv,1
.\1\1142.csv,1
.\1\1143.csv,1
.\1\1144.csv,1
.\1\1145.csv,1
.\1\1146.csv,1
.\1\1147.csv,1
.\1\1150.csv,1
.\1\1151.csv,1
.\1\1152.csv,1
.\1\1153.csv,1
.\1\1154.csv,1
.\1\1155.csv,1
.\1\1156.csv,1
.\1\1157.csv,1
.\1\1160.csv,1
.\1\1161.csv,1
.\1\1162.csv,1
.\1\1163.csv,1
.\1\1164.csv,1
.\1\1165.csv,1
.\1\1166.csv,1
.\1\1167.csv,1
.\1\1170.csv,1
.\1\1171.csv,1
.\1\1172.csv,1
.\1\1173.csv,1
.\1\1174.csv,1
.\1\1175.csv,1
.\1\1176.csv,1
.\1\1177.csv,1
.\1\1180.csv,1
.\1\1181.csv,1
.\1\1182.csv,1
.\1\1183.csv,1
.\1\1184.csv,1
.\1\1185.csv,1
.\1\1186.csv,1
.\1\1187.csv,1
.\1\1190.csv,1
.\1\1191.csv,1
.\1\1192.csv,1
.\1\1193.csv,1
.\1\1194.csv,1
.\1\1195.csv,1
.\1\1196.csv,1
.\1\1197.csv,1
.\1\1200.csv,1
.\1\1201.csv,1
.\1\1202.csv,1
.\1\1203.csv,1
.\1\1204.csv,1
.\1\1205.csv,1
.\1\1206.csv,1
.\1\1207.csv,1
.\1\1210.csv,1
.\1\1211.csv,1
.\1\1212.csv,1
.\1\1213.csv,1
.\1\1214.csv,1
.\1\1215.csv,1
.\1\1216.csv,1
.\1\1217.csv,1
.\1\1220.csv,1
.\1\1221.csv,1
.\1\1222.csv,1
.\1\1223.csv,1
.\1\1224.csv,1
.\1\1225.csv,1
.\1\1226.csv,1
.\1\1227.csv,1
.\1\1230.csv,1
.\1\1231.csv,1
.\1\1232.csv,1
.\1\1233.csv,1
.\1\1234.csv,1
.\1\1235.csv,1
.\1\1236.csv,1
.\1\1237.csv,1
.\1\1240.csv,1
.\1\1241.csv,1
.\1\1242.csv,1
.\1\1243.csv,1
.\1\1244.csv,1
.\1\1245.csv,1
.\1\1246.csv,1
.\1\1247.csv,1
.\1\1250.csv,1
.\1\1251.csv,1
.\1\1252.csv,1
.\1\1253.csv,1
.\1\1254.csv,1
.\1\1255.csv,1
.\1\1256.csv,1
.\1\1257.csv,1
.\1\1260.csv,1
.\1\1261.csv,1
.\1\1262.csv,1
.\1\1263.csv,1
.\1\1264.csv,1
.\1\1265.csv,1
.\1\1266.csv,1
.\1\1267.csv,1
.\1\1270.csv,1
.\1\1271.csv,1
.\1\1272.csv,1
.\1\1273.csv,1
.\1\1274.csv,1
.\1\1275.csv,1
.\1\1276.csv,1
.\1\1277.csv,1
.\1\1280.csv,1
.\1\1281.csv,1
.\1\1282.csv,1
.\1\1283.csv,1
.\1\1284.csv,1
.\1\1285.csv,1
.\1\1286.csv,1
.\1\1287.csv,1
.\1\1290.csv,1
.\1\1291.csv,1
.\1\1292.csv,1
.\1\1293.csv,1
.\1\1294.csv,1
.\1\1295.csv,1
.\1\1296.csv,1
.\1\1297.csv,1
.\1\1300.csv,1
.\1\1301.csv,1
.\1\1302.csv,1
.\1\1303.csv,1
.\1\1304.csv,1
.\1\1305.csv,1
.\1\1306.csv,1
.\1\1307.csv,1
.\1\1310.csv,1
.\1\1311.csv,1
.\1\1312.csv,1
.\1\1313.csv,1
.\1\1314.csv,1
.\1\1315.csv,1
.\1\1316.csv,1
.\1\1317.csv,1
.\1\1320.csv,1
.\1\1321.csv,1
.\1\1322.csv,1
.\1\1323.csv,1
.\1\1324.csv,1
.\1\1325.csv,1
.\1\1326.csv,1
.\1\1327.csv,1
.\1\1330.csv,1
.\1\1331.csv,1
.\1\1332.csv,1
.\1\1333.csv,1
.\1\1334.csv,1
.\1\1335.csv,1
.\1\1336.csv,1
.\1\1337.csv,1
.\1\1340.csv,1
.\1\1341.csv,1
.\1\1342.csv,1
.\1\1343.csv,1
.\1\1344.csv,1
.\1\1345.csv,1
.\1\1346.csv,1
.\1\1347.csv,1
.\1\1350.csv,1
.\1\1351.csv,1
.\1\1352.csv,1
.\1\1353.csv,1
.\1\1354.csv,1
.\1\1355.csv,1
.\1\1356.csv,1
.\1\1357.csv,1
.\1\1360.csv,1
.\1\1361.csv,1
.\1\1362.csv,1
.\1\1363.csv,1
.\1\1364.csv,1
.\1\1365.csv,1
.\1\1366.csv,1
.\1\1367.csv,1
.\1\1370.csv,1
.\1\1371.csv,1
.\1\1372.csv,1
.\1\1373.csv,1
.\1\1374.csv,1
.\1\1375.csv,1
.\1\1376.csv,1
.\1\1377.csv,1
.\1\1380.csv,1
.\1\1381.csv,1
.\1\1382.csv,1
.\1\1383.csv,1
.\1\1384.csv,1
.\1\1385.csv,1
.\1\1386.csv,1
.\1\1387.csv,1
.\1\1390.csv,1
.\1\1391.csv,1
.\1\1392.csv,1
.\1\1393.csv,1
.\1\1394.csv,1
.\1\1395.csv,1
.\1\1396.csv,1
.\1\1397.csv,1
.\1\1400.csv,1
.\1\1401.csv,1
.\1\1402.csv,1
.\1\1403.csv,1
.\1\1404.csv,1
.\1\1405.csv,1
.\1\1406.csv,1
.\1\1407.csv,1
.\1\1410.csv,1
.\1\1411.csv,1
.\1\1412.csv,1
.\1\1413.csv,1
.\1\1414.csv,1
.\1\1415.csv,1
.\1\1416.csv,1
.\1\1417.csv,1
.\1\1420.csv,1
.\1\1421.csv,1
.\1\1422.csv,1
.\1\1423.csv,1
.\1\1424.csv,1
.\1\1425.csv,1
.\1\1426.csv,1
.\1\1427.csv,1
.\1\1430.csv,1
.\1\1431.csv,1
.\1\1432.csv,1
.\1\1433.csv,1
.\1\1434.csv,1
.\1\1435.csv,1
.\1\1436.csv,1
.\1\1437.csv,1
.\1\1440.csv,1
.\1\1441.csv,1
.\1\1442.csv,1
.\1\1443.csv,1
.\1\1444.csv,1
.\1\1445.csv,1
.\1\1446.csv,1
.\1\1447.csv,1
.\1\1450.csv,1
.\1\1451.csv,1
.\1\1452.csv,1
.\1\1453.csv,1
.\1\1454.csv,1
.\1\1455.csv,1
.\1\1456.csv,1
.\1\1457.csv,1
.\1\1460.csv,1
.\1\1461.csv,1
.\1\1462.csv,1
.\1\1463.csv,1
.\1\1464.csv,1
.\1\1465.csv,1
.\1\1466.csv,1
.\1\1467.csv,1
.\1\1470.csv,1
.\1\1471.csv,1
.\1\1472.csv,1
.\1\1473.csv,1
.\1\1474.csv,1
.\1\1475.csv,1
.\1\1476.csv,1
.\1\1477.csv,1
.\1\1480.csv,1
.\1\1481.csv,1
.\1\1482.csv,1
.\1\1483.csv,1
.\1\1484.csv,1
.\1\1485.csv,1
.\1\1486.csv,1
.\1\1487.csv,1
.\1\1490.csv,1
.\1\1491.csv,1
.\1\1492.csv,1
.\1\1493.csv,1
.\1\1494.csv,1
.\1\1495.csv,1
.\1\1496.csv,1
.\1\1497.csv,1
.\1\1500.csv,1
.\1\1501.csv,1
.\1\1502.csv,1
.\1\1503.csv,1
.\1\1504.csv,1
.\1\1505.csv,1
.\1\1506.csv,1
.\1\1507.csv,1
.\1\1510.csv,1
.\1\1511.csv,1
.\1\1512.csv,1
.\1\1513.csv,1
.\1\1514.csv,1
.\1\1515.csv,1
.\1\1516.csv,1
.\1\1517.csv,1
.\1\1520.csv,1
.\1\1521.csv,1
.\1\1522.csv,1
.\1\1523.csv,1
.\1\1524.csv,1
.\1\1525.csv,1
.\1\1526.csv,1
.\1\1527.csv,1
.\1\1530.csv,1
.\1\1531.csv,1
.\1\1532.csv,1
.\1\1533.csv,1
.\1\1534.csv,1
.\1\1535.csv,1
.\1\1536.csv,1
.\1\1537.csv,1
.\1\1540.csv,1
.\1\1541.csv,1
.\1\1542.csv,1
.\1\1543.csv,1
.\1\1544.csv,1
.\1\1545.csv,1
.\1\1546.csv,1
.\1\1547.csv,1
.\1\1550.csv,1
.\1\1551.csv,1
.\1\1552.csv,1
.\1\1553.csv,1
.\1\1554.csv,1
.\1\1555.csv,1
.\1\1556.csv,1
.\1\1557.csv,1
.\1\1560.csv,1
.\1\1561.csv,1
.\1\1562.csv,1
.\1\1563.csv,1
.\1\1564.csv,1
.\1\1565.csv,1
.\1\1566.csv,1
.\1\1567.csv,1
.\1\1570.csv,1
.\1\1571.csv,1
.\1\1572.csv,1
.\1\1573.csv,1
.\1\1574.csv,1
.\1\1575.csv,1
.\1\1576.csv,1
.\1\1577.csv,1
.\1\1580.csv,1
.\1\1581.csv,1
.\1\1582.csv,1
.\1\1583.csv,1
.\1\1584.csv,1
.\1\1585.csv,1
.\1\1586.csv,1
.\1\1587.csv,1
.\1\1590.csv,1
.\1\1591.csv,1
.\1\1592.csv,1
.\1\1593.csv,1
.\1\1594.csv,1
.\1\1595.csv,1
.\1\1596.csv,1
.\1\1597.csv,1
.\1\1600.csv,1
.\1\1601.csv,1
.\1\1602.csv,1
.\1\1603.csv,1
.\1\1604.csv,1
.\1\1605.csv,1
.\1\1606.csv,1
.\1\1607.csv,1
.\1\1610.csv,1
.\1\1611.csv,1
.\1\1612.csv,1
.\1\1613.csv,1
.\1\1614.csv,1
.\1\1615.csv,1
.\1\1616.csv,1
.\1\1617.csv,1
.\1\1620.csv,1
.\1\1621.csv,1
.\1\1622.csv,1
.\1\1623.csv,1
.\1\1624.csv,1
.\1\1625.csv,1
.\1\1626.csv,1
.\1\1627.csv,1
.\1\1630.csv,1
.\1\1631.csv,1
.\1\1632.csv,1
.\1\1633.csv,1
.\1\1634.csv,1
.\1\1635.csv,1
.\1\1636.csv,1
.\1\1637.csv,1
.\1\1640.csv,1
.\1\1641.csv,1
.\1\1642.csv,1
.\1\1643.csv,1
.\1\1644.csv,1
.\1\1645.csv,1
.\1\1646.csv,1
.\1\1647.csv,1
.\1\1650.csv,1
.\1\1651.csv,1
.\1\1652.csv,1
.\1\1653.csv,1
.\1\1654.csv,1
.\1\1655.csv,1
.\1\1656.csv,1
.\1\1657.csv,1
.\1\1660.csv,1
.\1\1661.csv,1
.\1\1662.csv,1
.\1\1663.csv,1
.\1\1664.csv,1
.\1\1665.csv,1
.\1\1666.csv,1
.\1\1667.csv,1
.\1\1670.csv,1
.\1\1671.csv,1
.\1\1672.csv,1
.\1\1673.csv,1
.\1\1674.csv,1
.\1\1675.csv,1
.\1\1676.csv,1
.\1\1677.csv,1
.\1\1680.csv,1
.\1\1681.csv,1
.\1\1682.csv,1
.\1\1683.csv,1
.\1\1684.csv,1
.\1\1685.csv,1
.\1\1686.csv,1
.\1\1687.csv,1
.\1\1690.csv,1
.\1\1691.csv,1
.\1\1692.csv,1
.\1\1693.csv,1
.\1\1694.csv,1
.\1\1695.csv,1
.\1\1696.csv,1
.\1\1697.csv,1
.\1\1700.csv,1
.\1\1701.csv,1
.\1\1702.csv,1
.\1\1703.csv,1
.\1\1704.csv,1
.\1\1705.csv,1
.\1\1706.csv,1
.\1\1707.csv,1
.\1\1710.csv,1
.\1\1711.csv,1
.\1\1712.csv,1
.\1\1713.csv,1
.\1\1714.csv,1
.\1\1715.csv,1
.\1\1716.csv,1
.\1\1717.csv,1
.\1\1720.csv,1
.\1\1721.csv,1
.\1\1722.csv,1
.\1\1723.csv,1
.\1\1724.csv,1
.\1\1725.csv,1
.\1\1726.csv,1
.\1\1727.csv,1
.\1\1730.csv,1
.\1\1731.csv,1
.\1\1732.csv,1
.\1\1733.csv,1
.\1\1734.csv,1
.\1\1735.csv,1
.\1\1736.csv,1
.\1\1737.csv,1
.\2\1740.csv,2
.\2\1741.csv,2
.\2\1742.csv,2
.\2\1743.csv,2
.\2\1744.csv,2
.\2\1745.csv,2
.\2\1746.csv,2
.\2\1747.csv,2
.\2\1750.csv,2
.\2\1751.csv,2
.\2\1752.csv,2
.\2\1753.csv,2
.\2\1754.csv,2
.\2\1755.csv,2
.\2\1756.csv,2
.\2\1757.csv,2
.\2\1760.csv,2
.\2\1761.csv,2
.\2\1762.csv,2
.\2\1763.csv,2
.\2\1764.csv,2
.\2\1765.csv,2
.\2\1766.csv,2
.\2\1767.csv,2
.\2\1770.csv,2
.\2\1771.csv,2
.\2\1772.csv,2
.\2\1773.csv,2
.\2\1774.csv,2
.\2\1775.csv,2
.\2\1776.csv,2
.\2\1777.csv,2
.\2\1780.csv,2
.\2\1781.csv,2
.\2\1782.csv,2
.\2\1783.csv,2
.\2\1784.csv,2
.\2\1785.csv,2
.\2\1786.csv,2
.\2\1787.csv,2
.\2\1790.csv,2
.\2\1791.csv,2
.\2\1792.csv,2
.\2\1793.csv,2
.\2\1794.csv,2
.\2\1795.csv,2
.\2\1796.csv,2
.\2\1797.csv,2
.\2\1800.csv,2
.\2\1801.csv,2
.\2\1802.csv,2
.\2\1803.csv,2
.\2\1804.csv,2
.\2\1805.csv,2
.\2\1806.csv,2
.\2\1807.csv,2
.\2\1810.csv,2
.\2\1811.csv,2
.\2\1812.csv,2
.\2\1813.csv,2
.\2\1814.csv,2
.\2\1815.csv,2
.\2\1816.csv,2
.\2\1817.csv,2
.\2\1820.csv,2
.\2\1821.csv,2
.\2\1822.csv,2
.\2\1823.csv,2
.\2\1824.csv,2
.\2\1825.csv,2
.\2\1826.csv,2
.\2\1827.csv,2
.\2\1830.csv,2
.\2\1831.csv,2
.\2\1832.csv,2
.\2\1833.csv,2
.\2\1834.csv,2
.\2\1835.csv,2
.\2\1836.csv,2
.\2\1837.csv,2
.\2\1840.csv,2
.\2\1841.csv,2
.\2\1842.csv,2
.\2\1843.csv,2
.\2\1844.csv,2
.\2\1845.csv,2
.\2\1846.csv,2
.\2\1847.csv,2
.\2\1850.csv,2
.\2\1851.csv,2
.\2\1852.csv,2
.\2\1853.csv,2
.\2\1854.csv,2
.\2\1855.csv,2
.\2\1856.csv,2
.\2\1857.csv,2
.\2\1860.csv,2
.\2\1861.csv,2
.\2\1862.csv,2
.\2\1863.csv,2
.\2\1864.csv,2
.\2\1865.csv,2
.\2\1866.csv,2
.\2\1867.csv,2
.\2\1870.csv,2
.\2\1871.csv,2
.\2\1872.csv,2
.\2\1873.csv,2
.\2\1874.csv,2
.\2\1875.csv,2
.\2\1876.csv,2
.\2\1877.csv,2
.\2\1880.csv,2
.\2\1881.csv,2
.\2\1882.csv,2
.\2\1883.csv,2
.\2\1884.csv,2
.\2\1885.csv,2
.\2\1886.csv,2
.\2\1887.csv,2
.\2\1890.csv,2
.\2\1891.csv,2
.\2\1892.csv,2
.\2\1893.csv,2
.\2\1894.csv,2
.\2\1895.csv,2
.\2\1896.csv,2
.\2\1897.csv,2
.\2\1900.csv,2
.\2\1901.csv,2
.\2\1902.csv,2
.\2\1903.csv,2
.\2\1904.csv,2
.\2\1905.csv,2
.\2\1906.csv,2
.\2\1907.csv,2
.\2\1910.csv,2
.\2\1911.csv,2
.\2\1912.csv,2
.\2\1913.csv,2
.\2\1914.csv,2
.\2\1915.csv,2
.\2\1916.csv,2
.\2\1917.csv,2
.\2\1920.csv,2
.\2\1921.csv,2
.\2\1922.csv,2
.\2\1923.csv,2
.\2\1924.csv,2
.\2\1925.csv,2
.\2\1926.csv,2
.\2\1927.csv,2
.\2\1930.csv,2
.\2\1931.csv,2
.\2\1932.csv,2
.\2\1933.csv,2
.\2\1934.csv,2
.\2\1935.csv,2
.\2\1936.csv,2
.\2\1937.csv,2
.\2\1940.csv,2
.\2\1941.csv,2
.\2\1942.csv,2
.\2\1943.csv,2
.\2\1944.csv,2
.\2\1945.csv,2
.\2\1946.csv,2
.\2\1947.csv,2
.\2\1950.csv,2
.\2\1951.csv,2
.\2\1952.csv,2
.\2\1953.csv,2
.\2\1954.csv,2
.\2\1955.csv,2
.\2\1956.csv,2
.\2\1957.csv,2
.\2\1960.csv,2
.\2\1961.csv,2
.\2\1962.csv,2
.\2\1963.csv,2
.\2\1964.csv,2
.\2\1965.csv,2
.\2\1966.csv,2
.\2\1967.csv,2
.\2\1970.csv,2
.\2\1971.csv,2
.\2\1972.csv,2
.\2\1973.csv,2
.\2\1974.csv,2
.\2\1975.csv,2
.\2\1976.csv,2
.\2\1977.csv,2
.\2\1980.csv,2
.\2\1981.csv,2
.\2\1982.csv,2
.\2\1983.csv,2
.\2\1984.csv,2
.\2\1985.csv,2
.\2\1986.csv,2
.\2\1987.csv,2
.\2\1990.csv,2
.\2\1991.csv,2
.\2\1992.csv,2
.\2\1993.csv,2
.\2\1994.csv,2
.\2\1995.csv,2
.\2\1996.csv,2
.\2\1997.csv,2
.\2\2000.csv,2
.\2\2001.csv,2
.\2\2002.csv,2
.\2\2003.csv,2
.\2\2004.csv,2
.\2\2005.csv,2
.\2\2006.csv,2
.\2\2007.csv,2
.\2\2010.csv,2
.\2\2011.csv,2
.\2\2012.csv,2
.\2\2013.csv,2
.\2\2014.csv,2
.\2\2015.csv,2
.\2\2016.csv,2
.\2\2017.csv,2
.\2\2020.csv,2
.\2\2021.csv,2
.\2\2022.csv,2
.\2\2023.csv,2
.\2\2024.csv,2
.\2\2025.csv,2
.\2\2026.csv,2
.\2\2027.csv,2
.\2\2030.csv,2
.\2\2031.csv,2
.\2\2032.csv,2
.\2\2033.csv,2
.\2\2034.csv,2
.\2\2035.csv,2
.\2\2036.csv,2
.\2\2037.csv,2
.\2\2040.csv,2
.\2\2041.csv,2
.\2\2042.csv,2
.\2\2043.csv,2
.\2\2044.csv,2
.\2\2045.csv,2
.\2\2046.csv,2
.\2\2047.csv,2
.\2\2050.csv,2
.\2\2051.csv,2
.\2\2052.csv,2
.\2\2053.csv,2
.\2\2054.csv,2
.\2\2055.csv,2
.\2\2056.csv,2
.\2\2057.csv,2
.\2\2060.csv,2
.\2\2061.csv,2
.\2\2062.csv,2
.\2\2063.csv,2
.\2\2064.csv,2
.\2\2065.csv,2
.\2\2066.csv,2
.\2\2067.csv,2
.\2\2070.csv,2
.\2\2071.csv,2
.\2\2072.csv,2
.\2\2073.csv,2
.\2\2074.csv,2
.\2\2075.csv,2
.\2\2076.csv,2
.\2\2077.csv,2
.\2\2080.csv,2
.\2\2081.csv,2
.\2\2082.csv,2
.\2\2083.csv,2
.\2\2084.csv,2
.\2\2085.csv,2
.\2\2086.csv,2
.\2\2087.csv,2
.\2\2090.csv,2
.\2\2091.csv,2
.\2\2092.csv,2
.\2\2093.csv,2
.\2\2094.csv,2
.\2\2095.csv,2
.\2\2096.csv,2
.\2\2097.csv,2
.\2\2100.csv,2
.\2\2101.csv,2
.\2\2102.csv,2
.\2\2103.csv,2
.\2\2104.csv,2
.\2\2105.csv,2
.\2\2106.csv,2
.\2\2107.csv,2
.\2\2110.csv,2
.\2\2111.csv,2
.\2\2112.csv,2
.\2\2113.csv,2
.\2\2114.csv,2
.\2\2115.csv,2
.\2\2116.csv,2
.\2\2117.csv,2
.\2\2120.csv,2
.\2\2121.csv,2
.\2\2122.csv,2
.\2\2123.csv,2
.\2\2124.csv,2
.\2\2125.csv,2
.\2\2126.csv,2
.\2\2127.csv,2
.\2\2130.csv,2
.\2\2131.csv,2
.\2\2132.csv,2
.\2\2133.csv,2
.\2\2134.csv,2
.\2\2135.csv,2
.\2\2136.csv,2
.\2\2137.csv,2
.\2\2140.csv,2
.\2\2141.csv,2
.\2\2142.csv,2
.\2\2143.csv,2
.\2\2144.csv,2
.\2\2145.csv,2
.\2\2146.csv,2
.\2\2147.csv,2
.\2\2150.csv,2
.\2\2151.csv,2
.\2\2152.csv,2
.\2\2153.csv,2
.\2\2154.csv,2
.\2\2155.csv,2
.\2\2156.csv,2
.\2\2157.csv,2
.\2\2160.csv,2
.\2\2161.csv,2
.\2\2162.csv,2
.\2\2163.csv,2
.\2\2164.csv,2
.\2\2165.csv,2
.\2\2166.csv,2
.\2\2167.csv,2
.\2\2170.csv,2
.\2\2171.csv,2
.\2\2172.csv,2
.\2\2173.csv,2
.\2\2174.csv,2
.\2\2175.csv,2
.\2\2176.csv,2
.\2\2177.csv,2
.\2\2180.csv,2
.\2\2181.csv,2
.\2\2182.csv,2
.\2\2183.csv,2
.\2\2184.csv,2
.\2\2185.csv,2
.\2\2186.csv,2
.\2\2187.csv,2
.\2\2190.csv,2
.\2\2191.csv,2
.\2\2192.csv,2
.\2\2193.csv,2
.\2\2194.csv,2
.\2\2195.csv,2
.\2\2196.csv,2
.\2\2197.csv,2
.\2\2200.csv,2
.\2\2201.csv,2
.\2\2202.csv,2
.\2\2203.csv,2
.\2\2204.csv,2
.\2\2205.csv,2
.\2\2206.csv,2
.\2\2207.csv,2
.\2\2210.csv,2
.\2\2211.csv,2
.\2\2212.csv,2
.\2\2213.csv,2
.\2\2214.csv,2
.\2\2215.csv,2
.\2\2216.csv,2
.\2\2217.csv,2
.\2\2220.csv,2
.\2\2221.csv,2
.\2\2222.csv,2
.\2\2223.csv,2
.\2\2224.csv,2
.\2\2225.csv,2
.\2\2226.csv,2
.\2\2227.csv,2
.\2\2230.csv,2
.\2\2231.csv,2
.\2\2232.csv,2
.\2\2233.csv,2
.\2\2234.csv,2
.\2\2235.csv,2
.\2\2236.csv,2
.\2\2237.csv,2
.\2\2240.csv,2
.\2\2241.csv,2
.\2\2242.csv,2
.\2\2243.csv,2
.\2\2244.csv,2
.\2\2245.csv,2
.\2\2246.csv,2
.\2\2247.csv,2
.\2\2250.csv,2
.\2\2251.csv,2
.\2\2252.csv,2
.\2\2253.csv,2
.\2\2254.csv,2
.\2\2255.csv,2
.\2\2256.csv,2
.\2\2257.csv,2
.\2\2260.csv,2
.\2\2261.csv,2
.\2\2262.csv,2
.\2\2263.csv,2
.\2\2264.csv,2
.\2\2265.csv,2
.\2\2266.csv,2
.\2\2267.csv,2
.\2\2270.csv,2
.\2\2271.csv,2
.\2\2272.csv,2
.\2\2273.csv,2
.\2\2274.csv,2
.\2\2275.csv,2
.\2\2276.csv,2
.\2\2277.csv,2
.\2\2280.csv,2
.\2\2281.csv,2
.\2\2282.csv,2
.\2\2283.csv,2
.\2\2284.csv,2
.\2\2285.csv,2
.\2\2286.csv,2
.\2\2287.csv,2
.\2\2290.csv,2
.\2\2291.csv,2
.\2\2292.csv,2
.\2\2293.csv,2
.\2\2294.csv,2
.\2\2295.csv,2
.\2\2296.csv,2
.\2\2297.csv,2
.\2\2300.csv,2
.\2\2301.csv,2
.\2\2302.csv,2
.\2\2303.csv,2
.\2\2304.csv,2
.\2\2305.csv,2
.\2\2306.csv,2
.\2\2307.csv,2
.\2\2310.csv,2
.\2\2311.csv,2
.\2\2312.csv,2
.\2\2313.csv,2
.\2\2314.csv,2
.\2\2315.csv,2
.\2\2316.csv,2
.\2\2317.csv,2
.\2\2320.csv,2
.\2\2321.csv,2
.\2\2322.csv,2
.\2\2323.csv,2
.\2\2324.csv,2
.\2\2325.csv,2
.\2\2326.csv,2
.\2\2327.csv,2
.\2\2330.csv,2
.\2\2331.csv,2
.\2\2332.csv,2
.\2\2333.csv,2
.\2\2334.csv,2
.\2\2335.csv,2
.\2\2336.csv,2
.\2\2337.csv,2
.\2\2340.csv,2
.\2\2341.csv,2
.\2\2342.csv,2
.\2\2343.csv,2
.\2\2344.csv,2
.\2\2345.csv,2
.\2\2346.csv,2
.\2\2347.csv,2
.\2\2350.csv,2
.\2\2351.csv,2
.\2\2352.csv,2
.\2\2353.csv,2
.\2\2354.csv,2
.\2\2355.csv,2
.\2\2356.csv,2
.\2\2357.csv,2
.\2\2360.csv,2
.\2\2361.csv,2
.\2\2362.csv,2
.\2\2363.csv,2
.\2\2364.csv,2
.\2\2365.csv,2
.\2\2366.csv,2
.\2\2367.csv,2
.\2\2370.csv,2
.\2\2371.csv,2
.\2\2372.csv,2
.\2\2373.csv,2
.\2\2374.csv,2
.\2\2375.csv,2
.\2\2376.csv,2
.\2\2377.csv,2
.\2\2380.csv,2
.\2\2381.csv,2
.\2\2382.csv,2
.\2\2383.csv,2
.\2\2384.csv,2
.\2\2385.csv,2
.\2\2386.csv,2
.\2\2387.csv,2
.\2\2390.csv,2
.\2\2391.csv,2
.\2\2392.csv,2
.\2\2393.csv,2
.\2\2394.csv,2
.\2\2395.csv,2
.\2\2396.csv,2
.\2\2397.csv,2
.\2\2400.csv,2
.\2\2401.csv,2
.\2\2402.csv,2
.\2\2403.csv,2
.\2\2404.csv,2
.\2\2405.csv,2
.\2\2406.csv,2
.\2\2407.csv,2
.\2\2410.csv,2
.\2\2411.csv,2
.\2\2412.csv,2
.\2\2413.csv,2
.\2\2414.csv,2
.\2\2415.csv,2
.\2\2416.csv,2
.\2\2417.csv,2
.\2\2420.csv,2
.\2\2421.csv,2
.\2\2422.csv,2
.\2\2423.csv,2
.\2\2424.csv,2
.\2\2425.csv,2
.\2\2426.csv,2
.\2\2427.csv,2
.\2\2430.csv,2
.\2\2431.csv,2
.\2\2432.csv,2
.\2\2433.csv,2
.\2\2434.csv,2
.\2\2435.csv,2
.\2\2436.csv,2
.\2\2437.csv,2
.\2\2440.csv,2
.\2\2441.csv,2
.\2\2442.csv,2
.\2\2443.csv,2
.\2\2444.csv,2
.\2\2445.csv,2
.\2\2446.csv,2
.\2\2447.csv,2
.\2\2450.csv,2
.\2\2451.csv,2
.\2\2452.csv,2
.\2\2453.csv,2
.\2\2454.csv,2
.\2\2455.csv,2
.\2\2456.csv,2
.\2\2457.csv,2
.\2\2460.csv,2
.\2\2461.csv,2
.\2\2462.csv,2
.\2\2463.csv,2
.\2\2464.csv,2
.\2\2465.csv,2
.\2\2466.csv,2
.\2\2467.csv,2
.\2\2470.csv,2
.\2\2471.csv,2
.\2\2472.csv,2
.\2\2473.csv,2
.\2\2474.csv,2
.\2\2475.csv,2
.\2\2476.csv,2
.\2\2477.csv,2
.\2\2480.csv,2
.\2\2481.csv,2
.\2\2482.csv,2
.\2\2483.csv,2
.\2\2484.csv,2
.\2\2485.csv,2
.\2\2486.csv,2
.\2\2487.csv,2
.\2\2490.csv,2
.\2\2491.csv,2
.\2\2492.csv,2
.\2\2493.csv,2
.\2\2494.csv,2
.\2\2495.csv,2
.\2\2496.csv,2
.\2\2497.csv,2
.\2\2500.csv,2
.\2\2501.csv,2
.\2\2502.csv,2
.\2\2503.csv,2
.\2\2504.csv,2
.\2\2505.csv,2
.\2\2506.csv,2
.\2\2507.csv,2
.\2\2510.csv,2
.\2\2511.csv,2
.\2\2512.csv,2
.\2\2513.csv,2
.\2\2514.csv,2
.\2\2515.csv,2
.\2\2516.csv,2
.\2\2517.csv,2
.\2\2520.csv,2
.\2\2521.csv,2
.\2\2522.csv,2
.\2\2523.csv,2
.\2\2524.csv,2
.\2\2525.csv,2
.\2\2526.csv,2
.\2\2527.csv,2
.\2\2530.csv,2
.\2\2531.csv,2
.\2\2532.csv,2
.\2\2533.csv,2
.\2\2534.csv,2
.\2\2535.csv,2
.\2\2536.csv,2
.\2\2537.csv,2
.\2\2540.csv,2
.\2\2541.csv,2
.\2\2542.csv,2
.\2\2543.csv,2
.\2\2544.csv,2
.\2\2545.csv,2
.\2\2546.csv,2
.\2\2547.csv,2
.\2\2550.csv,2
.\2\2551.csv,2
.\2\2552.csv,2
.\2\2553.csv,2
.\2\2554.csv,2
.\2\2555.csv,2
.\2\2556.csv,2
.\2\2557.csv,2
.\2\2560.csv,2
.\2\2561.csv,2
.\2\2562.csv,2
.\2\2563.csv,2
.\2\2564.csv,2
.\2\2565.csv,2
.\2\2566.csv,2
.\2\2567.csv,2
.\2\2570.csv,2
.\2\2571.csv,2
.\2\2572.csv,2
.\2\2573.csv,2
.\2\2574.csv,2
.\2\2575.csv,2
.\2\2576.csv,2
.\2\2577.csv,2
.\2\2580.csv,2
.\2\2581.csv,2
.\2\2582.csv,2
.\2\2583.csv,2
.\2\2584.csv,2
.\2\2585.csv,2
.\2\2586.csv,2
.\2\2587.csv,2
.\2\2590.csv,2
.\2\2591.csv,2
.\2\2592.csv,2
.\2\2593.csv,2
.\2\2594.csv,2
.\2\2595.csv,2
.\2\2596.csv,2
.\2\2597.csv,2
.\2\2600.csv,2
.\2\2601.csv,2
.\2\2602.csv,2
.\2\2603.csv,2
.\3\2604.csv,3
.\3\2605.csv,3
.\3\2606.csv,3
.\3\2607.csv,3
.\3\2610.csv,3
.\3\2611.csv,3
.\3\2612.csv,3
.\3\2613.csv,3
.\3\2614.csv,3
.\3\2615.csv,3
.\3\2616.csv,3
.\3\2617.csv,3
.\3\2620.csv,3
.\3\2621.csv,3
.\3\2622.csv,3
.\3\2623.csv,3
.\3\2624.csv,3
.\3\2625.csv,3
.\3\2626.csv,3
.\3\2627.csv,3
.\3\2630.csv,3
.\3\2631.csv,3
.\3\2632.csv,3
.\3\2633.csv,3
.\3\2634.csv,3
.\3\2635.csv,3
.\3\2636.csv,3
.\3\2637.csv,3
.\3\2640.csv,3
.\3\2641.csv,3
.\3\2642.csv,3
.\3\2643.csv,3
.\3\2644.csv,3
.\3\2645.csv,3
.\3\2646.csv,3
.\3\2647.csv,3
.\3\2650.csv,3
.\3\2651.csv,3
.\3\2652.csv,3
.\3\2653.csv,3
.\3\2654.csv,3
.\3\2655.csv,3
.\3\2656.csv,3
.\3\2657.csv,3
.\3\2660.csv,3
.\3\2661.csv,3
.\3\2662.csv,3
.\3\2663.csv,3
.\3\2664.csv,3
.\3\2665.csv,3
.\3\2666.csv,3
.\3\2667.csv,3
.\3\2670.csv,3
.\3\2671.csv,3
.\3\2672.csv,3
.\3\2673.csv,3
.\3\2674.csv,3
.\3\2675.csv,3
.\3\2676.csv,3
.\3\2677.csv,3
.\3\2680.csv,3
.\3\2681.csv,3
.\3\2682.csv,3
.\3\2683.csv,3
.\3\2684.csv,3
.\3\2685.csv,3
.\3\2686.csv,3
.\3\2687.csv,3
.\3\2690.csv,3
.\3\2691.csv,3
.\3\2692.csv,3
.\3\2693.csv,3
.\3\2694.csv,3
.\3\2695.csv,3
.\3\2696.csv,3
.\3\2697.csv,3
.\3\2700.csv,3
.\3\2701.csv,3
.\3\2702.csv,3
.\3\2703.csv,3
.\3\2704.csv,3
.\3\2705.csv,3
.\3\2706.csv,3
.\3\2707.csv,3
.\3\2710.csv,3
.\3\2711.csv,3
.\3\2712.csv,3
.\3\2713.csv,3
.\3\2714.csv,3
.\3\2715.csv,3
.\3\2716.csv,3
.\3\2717.csv,3
.\3\2720.csv,3
.\3\2721.csv,3
.\3\2722.csv,3
.\3\2723.csv,3
.\3\2724.csv,3
.\3\2725.csv,3
.\3\2726.csv,3
.\3\2727.csv,3
.\3\2730.csv,3
.\3\2731.csv,3
.\3\2732.csv,3
.\3\2733.csv,3
.\3\2734.csv,3
.\3\2735.csv,3
.\3\2736.csv,3
.\3\2737.csv,3
.\3\2740.csv,3
.\3\2741.csv,3
.\3\2742.csv,3
.\3\2743.csv,3
.\3\2744.csv,3
.\3\2745.csv,3
.\3\2746.csv,3
.\3\2747.csv,3
.\3\2750.csv,3
.\3\2751.csv,3
.\3\2752.csv,3
.\3\2753.csv,3
.\3\2754.csv,3
.\3\2755.csv,3
.\3\2756.csv,3
.\3\2757.csv,3
.\3\2760.csv,3
.\3\2761.csv,3
.\3\2762.csv,3
.\3\2763.csv,3
.\3\2764.csv,3
.\3\2765.csv,3
.\3\2766.csv,3
.\3\2767.csv,3
.\3\2770.csv,3
.\3\2771.csv,3
.\3\2772.csv,3
.\3\2773.csv,3
.\3\2774.csv,3
.\3\2775.csv,3
.\3\2776.csv,3
.\3\2777.csv,3
.\3\2780.csv,3
.\3\2781.csv,3
.\3\2782.csv,3
.\3\2783.csv,3
.\3\2784.csv,3
.\3\2785.csv,3
.\3\2786.csv,3
.\3\2787.csv,3
.\3\2790.csv,3
.\3\2791.csv,3
.\3\2792.csv,3
.\3\2793.csv,3
.\3\2794.csv,3
.\3\2795.csv,3
.\3\2796.csv,3
.\3\2797.csv,3
.\3\2800.csv,3
.\3\2801.csv,3
.\3\2802.csv,3
.\3\2803.csv,3
.\3\2804.csv,3
.\3\2805.csv,3
.\3\2806.csv,3
.\3\2807.csv,3
.\3\2810.csv,3
.\3\2811.csv,3
.\3\2812.csv,3
.\3\2813.csv,3
.\3\2814.csv,3
.\3\2815.csv,3
.\3\2816.csv,3
.\3\2817.csv,3
.\3\2820.csv,3
.\3\2821.csv,3
.\3\2822.csv,3
.\3\2823.csv,3
.\3\2824.csv,3
.\3\2825.csv,3
.\3\2826.csv,3
.\3\2827.csv,3
.\3\2830.csv,3
.\3\2831.csv,3
.\3\2832.csv,3
.\3\2833.csv,3
.\3\2834.csv,3
.\3\2835.csv,3
.\3\2836.csv,3
.\3\2837.csv,3
.\3\2840.csv,3
.\3\2841.csv,3
.\3\2842.csv,3
.\3\2843.csv,3
.\3\2844.csv,3
.\3\2845.csv,3
.\3\2846.csv,3
.\3\2847.csv,3
.\3\2850.csv,3
.\3\2851.csv,3
.\3\2852.csv,3
.\3\2853.csv,3
.\3\2854.csv,3
.\3\2855.csv,3
.\3\2856.csv,3
.\3\2857.csv,3
.\3\2860.csv,3
.\3\2861.csv,3
.\3\2862.csv,3
.\3\2863.csv,3
.\3\2864.csv,3
.\3\2865.csv,3
.\3\2866.csv,3
.\3\2867.csv,3
.\3\2870.csv,3
.\3\2871.csv,3
.\3\2872.csv,3
.\3\2873.csv,3
.\3\2874.csv,3
.\3\2875.csv,3
.\3\2876.csv,3
.\3\2877.csv,3
.\3\2880.csv,3
.\3\2881.csv,3
.\3\2882.csv,3
.\3\2883.csv,3
.\3\2884.csv,3
.\3\2885.csv,3
.\3\2886.csv,3
.\3\2887.csv,3
.\3\2890.csv,3
.\3\2891.csv,3
.\3\2892.csv,3
.\3\2893.csv,3
.\3\2894.csv,3
.\3\2895.csv,3
.\3\2896.csv,3
.\3\2897.csv,3
.\3\2900.csv,3
.\3\2901.csv,3
.\3\2902.csv,3
.\3\2903.csv,3
.\3\2904.csv,3
.\3\2905.csv,3
.\3\2906.csv,3
.\3\2907.csv,3
.\3\2910.csv,3
.\3\2911.csv,3
.\3\2912.csv,3
.\3\2913.csv,3
.\3\2914.csv,3
.\3\2915.csv,3
.\3\2916.csv,3
.\3\2917.csv,3
.\3\2920.csv,3
.\3\2921.csv,3
.\3\2922.csv,3
.\3\2923.csv,3
.\3\2924.csv,3
.\3\2925.csv,3
.\3\2926.csv,3
.\3\2927.csv,3
.\3\2930.csv,3
.\3\2931.csv,3
.\3\2932.csv,3
.\3\2933.csv,3
.\3\2934.csv,3
.\3\2935.csv,3
.\3\2936.csv,3
.\3\2937.csv,3
.\3\2940.csv,3
.\3\2941.csv,3
.\3\2942.csv,3
.\3\2943.csv,3
.\3\2944.csv,3
.\3\2945.csv,3
.\3\2946.csv,3
.\3\2947.csv,3
.\3\2950.csv,3
.\3\2951.csv,3
.\3\2952.csv,3
.\3\2953.csv,3
.\3\2954.csv,3
.\3\2955.csv,3
.\3\2956.csv,3
.\3\2957.csv,3
.\3\2960.csv,3
.\3\2961.csv,3
.\3\2962.csv,3
.\3\2963.csv,3
.\3\2964.csv,3
.\3\2965.csv,3
.\3\2966.csv,3
.\3\2967.csv,3
.\3\2970.csv,3
.\3\2971.csv,3
.\3\2972.csv,3
.\3\2973.csv,3
.\3\2974.csv,3
.\3\2975.csv,3
.\3\2976.csv,3
.\3\2977.csv,3
.\3\2980.csv,3
.\3\2981.csv,3
.\3\2982.csv,3
.\3\2983.csv,3
.\3\2984.csv,3
.\3\2985.csv,3
.\3\2986.csv,3
.\3\2987.csv,3
.\3\2990.csv,3
.\3\2991.csv,3
.\3\2992.csv,3
.\3\2993.csv,3
.\3\2994.csv,3
.\3\2995.csv,3
.\3\2996.csv,3
.\3\2997.csv,3
.\3\3000.csv,3
.\3\3001.csv,3
.\3\3002.csv,3
.\3\3003.csv,3
.\3\3004.csv,3
.\3\3005.csv,3
.\3\3006.csv,3
.\3\3007.csv,3
.\3\3010.csv,3
.\3\3011.csv,3
.\3\3012.csv,3
.\3\3013.csv,3
.\3\3014.csv,3
.\3\3015.csv,3
.\3\3016.csv,3
.\3\3017.csv,3
.\3\3020.csv,3
.\3\3021.csv,3
.\3\3022.csv,3
.\3\3023.csv,3
.\3\3024.csv,3
.\3\3025.csv,3
.\3\3026.csv,3
.\3\3027.csv,3
.\3\3030.csv,3
.\3\3031.csv,3
.\3\3032.csv,3
.\3\3033.csv,3
.\3\3034.csv,3
.\3\3035.csv,3
.\3\3036.csv,3
.\3\3037.csv,3
.\3\3040.csv,3
.\3\3041.csv,3
.\3\3042.csv,3
.\3\3043.csv,3
.\3\3044.csv,3
.\3\3045.csv,3
.\3\3046.csv,3
.\3\3047.csv,3
.\3\3050.csv,3
.\3\3051.csv,3
.\3\3052.csv,3
.\3\3053.csv,3
.\3\3054.csv,3
.\3\3055.csv,3
.\3\3056.csv,3
.\3\3057.csv,3
.\3\3060.csv,3
.\3\3061.csv,3
.\3\3062.csv,3
.\3\3063.csv,3
.\3\3064.csv,3
.\3\3065.csv,3
.\3\3066.csv,3
.\3\3067.csv,3
.\3\3070.csv,3
.\3\3071.csv,3
.\3\3072.csv,3
.\3\3073.csv,3
.\3\3074.csv,3
.\3\3075.csv,3
.\3\3076.csv,3
.\3\3077.csv,3
.\3\3080.csv,3
.\3\3081.csv,3
.\3\3082.csv,3
.\3\3083.csv,3
.\3\3084.csv,3
.\3\3085.csv,3
.\3\3086.csv,3
.\3\3087.csv,3
.\3\3090.csv,3
.\3\3091.csv,3
.\3\3092.csv,3
.\3\3093.csv,3
.\3\3094.csv,3
.\3\3095.csv,3
.\3\3096.csv,3
.\3\3097.csv,3
.\3\3100.csv,3
.\3\3101.csv,3
.\3\3102.csv,3
.\3\3103.csv,3
.\3\3104.csv,3
.\3\3105.csv,3
.\3\3106.csv,3
.\3\3107.csv,3
.\3\3110.csv,3
.\3\3111.csv,3
.\3\3112.csv,3
.\3\3113.csv,3
.\3\3114.csv,3
.\4\3115.csv,4
.\4\3116.csv,4
.\4\3117.csv,4
.\4\3120.csv,4
.\4\3121.csv,4
.\4\3122.csv,4
.\4\3123.csv,4
.\4\3124.csv,4
.\4\3125.csv,4
.\4\3126.csv,4
.\4\3127.csv,4
.\4\3130.csv,4
.\4\3131.csv,4
.\4\3132.csv,4
.\4\3133.csv,4
.\4\3134.csv,4
.\4\3135.csv,4
.\4\3136.csv,4
.\4\3137.csv,4
.\4\3140.csv,4
.\4\3141.csv,4
.\4\3142.csv,4
.\4\3143.csv,4
.\4\3144.csv,4
.\4\3145.csv,4
.\4\3146.csv,4
.\4\3147.csv,4
.\4\3150.csv,4
.\4\3151.csv,4
.\4\3152.csv,4
.\4\3153.csv,4
.\4\3154.csv,4
.\4\3155.csv,4
.\4\3156.csv,4
.\4\3157.csv,4
.\4\3160.csv,4
.\4\3161.csv,4
.\4\3162.csv,4
.\4\3163.csv,4
.\4\3164.csv,4
.\4\3165.csv,4
.\4\3166.csv,4
.\4\3167.csv,4
.\4\3170.csv,4
.\4\3171.csv,4
.\4\3172.csv,4
.\4\3173.csv,4
.\4\3174.csv,4
.\4\3175.csv,4
.\4\3176.csv,4
.\4\3177.csv,4
.\4\3180.csv,4
.\4\3181.csv,4
.\4\3182.csv,4
.\4\3183.csv,4
.\4\3184.csv,4
.\4\3185.csv,4
.\4\3186.csv,4
.\4\3187.csv,4
.\4\3190.csv,4
.\4\3191.csv,4
.\4\3192.csv,4
.\4\3193.csv,4
.\4\3194.csv,4
.\4\3195.csv,4
.\4\3196.csv,4
.\4\3197.csv,4
.\4\3200.csv,4
.\4\3201.csv,4
.\4\3202.csv,4
.\4\3203.csv,4
.\4\3204.csv,4
.\4\3205.csv,4
.\4\3206.csv,4
.\4\3207.csv,4
.\4\3210.csv,4
.\4\3211.csv,4
.\4\3212.csv,4
.\4\3213.csv,4
.\4\3214.csv,4
.\4\3215.csv,4
.\4\3216.csv,4
.\4\3217.csv,4
.\4\3220.csv,4
.\4\3221.csv,4
.\4\3222.csv,4
.\4\3223.csv,4
.\4\3224.csv,4
.\4\3225.csv,4
.\4\3226.csv,4
.\4\3227.csv,4
.\4\3230.csv,4
.\4\3231.csv,4
.\4\3232.csv,4
.\4\3233.csv,4
.\4\3234.csv,4
.\4\3235.csv,4
.\4\3236.csv,4
.\4\3237.csv,4
.\4\3240.csv,4
.\4\3241.csv,4
.\4\3242.csv,4
.\4\3243.csv,4
.\4\3244.csv,4
.\4\3245.csv,4
.\4\3246.csv,4
.\4\3247.csv,4
.\4\3250.csv,4
.\4\3251.csv,4
.\4\3252.csv,4
.\4\3253.csv,4
.\4\3254.csv,4
.\4\3255.csv,4
.\4\3256.csv,4
.\4\3257.csv,4
.\4\3260.csv,4
.\4\3261.csv,4
.\4\3262.csv,4
.\4\3263.csv,4
.\4\3264.csv,4
.\4\3265.csv,4
.\4\3266.csv,4
.\4\3267.csv,4
.\4\3270.csv,4
.\4\3271.csv,4
.\4\3272.csv,4
.\4\3273.csv,4
.\4\3274.csv,4
.\4\3275.csv,4
.\4\3276.csv,4
.\4\3277.csv,4
.\4\3280.csv,4
.\4\3281.csv,4
.\4\3282.csv,4
.\4\3283.csv,4
.\4\3284.csv,4
.\4\3285.csv,4
.\4\3286.csv,4
.\4\3287.csv,4
.\4\3290.csv,4
.\4\3291.csv,4
.\4\3292.csv,4
.\4\3293.csv,4
.\4\3294.csv,4
.\4\3295.csv,4
.\4\3296.csv,4
.\4\3297.csv,4
.\4\3300.csv,4
.\4\3301.csv,4
.\4\3302.csv,4
.\4\3303.csv,4
.\4\3304.csv,4
.\4\3305.csv,4
.\4\3306.csv,4
.\4\3307.csv,4
.\4\3310.csv,4
.\4\3311.csv,4
.\4\3312.csv,4
.\4\3313.csv,4
.\4\3314.csv,4
.\4\3315.csv,4
.\4\3316.csv,4
.\4\3317.csv,4
.\4\3320.csv,4
.\4\3321.csv,4
.\4\3322.csv,4
.\4\3323.csv,4
.\4\3324.csv,4
.\4\3325.csv,4
.\4\3326.csv,4
.\4\3327.csv,4
.\4\3330.csv,4
.\4\3331.csv,4
.\4\3332.csv,4
.\4\3333.csv,4
.\4\3334.csv,4
.\4\3335.csv,4
.\4\3336.csv,4
.\4\3337.csv,4
.\4\3340.csv,4
.\4\3341.csv,4
.\4\3342.csv,4
.\4\3343.csv,4
.\4\3344.csv,4
.\4\3345.csv,4
.\4\3346.csv,4
.\4\3347.csv,4
.\4\3350.csv,4
.\4\3351.csv,4
.\4\3352.csv,4
.\4\3353.csv,4
.\4\3354.csv,4
.\4\3355.csv,4
.\4\3356.csv,4
.\4\3357.csv,4
.\4\3360.csv,4
.\4\3361.csv,4
.\4\3362.csv,4
.\4\3363.csv,4
.\4\3364.csv,4
.\4\3365.csv,4
.\4\3366.csv,4
.\4\3367.csv,4
.\4\3370.csv,4
.\4\3371.csv,4
.\4\3372.csv,4
.\4\3373.csv,4
.\4\3374.csv,4
.\4\3375.csv,4
.\4\3376.csv,4
.\4\3377.csv,4
.\4\3380.csv,4
.\4\3381.csv,4
.\4\3382.csv,4
.\4\3383.csv,4
.\4\3384.csv,4
.\4\3385.csv,4
.\4\3386.csv,4
.\4\3387.csv,4
.\4\3390.csv,4
.\4\3391.csv,4
.\4\3392.csv,4
.\4\3393.csv,4
.\4\3394.csv,4
.\4\3395.csv,4
.\4\3396.csv,4
.\4\3397.csv,4
.\4\3400.csv,4
.\4\3401.csv,4
.\4\3402.csv,4
.\4\3403.csv,4
.\4\3404.csv,4
.\4\3405.csv,4
.\4\3406.csv,4
.\4\3407.csv,4
.\4\3410.csv,4
.\4\3411.csv,4
.\4\3412.csv,4
.\4\3413.csv,4
.\4\3414.csv,4
.\4\3415.csv,4
.\4\3416.csv,4
.\4\3417.csv,4
.\4\3420.csv,4
.\4\3421.csv,4
.\4\3422.csv,4
.\4\3423.csv,4
.\4\3424.csv,4
.\4\3425.csv,4
.\4\3426.csv,4
.\4\3427.csv,4
.\4\3430.csv,4
.\4\3431.csv,4
.\4\3432.csv,4
.\4\3433.csv,4
.\4\3434.csv,4
.\4\3435.csv,4
.\4\3436.csv,4
.\4\3437.csv,4
.\4\3440.csv,4
.\4\3441.csv,4
.\4\3442.csv,4
.\4\3443.csv,4
.\4\3444.csv,4
.\4\3445.csv,4
.\4\3446.csv,4
.\4\3447.csv,4
.\4\3450.csv,4
.\4\3451.csv,4
.\4\3452.csv,4
.\4\3453.csv,4
.\4\3454.csv,4
.\4\3455.csv,4
.\4\3456.csv,4
.\4\3457.csv,4
.\4\3460.csv,4
.\4\3461.csv,4
.\4\3462.csv,4
.\4\3463.csv,4
.\4\3464.csv,4
.\4\3465.csv,4
.\4\3466.csv,4
.\4\3467.csv,4
.\4\3470.csv,4
.\4\3471.csv,4
.\4\3472.csv,4
.\4\3473.csv,4
.\4\3474.csv,4
.\4\3475.csv,4
.\4\3476.csv,4
.\4\3477.csv,4
.\4\3480.csv,4
.\4\3481.csv,4
.\4\3482.csv,4
.\4\3483.csv,4
.\4\3484.csv,4
.\4\3485.csv,4
.\4\3486.csv,4
.\4\3487.csv,4
.\4\3490.csv,4
.\4\3491.csv,4
.\4\3492.csv,4
.\4\3493.csv,4
.\4\3494.csv,4
.\4\3495.csv,4
.\4\3496.csv,4
.\4\3497.csv,4
.\4\3500.csv,4
.\4\3501.csv,4
.\4\3502.csv,4
.\4\3503.csv,4
.\4\3504.csv,4
.\4\3505.csv,4
.\4\3506.csv,4
.\4\3507.csv,4
.\4\3510.csv,4
.\4\3511.csv,4
.\4\3512.csv,4
.\4\3513.csv,4
.\4\3514.csv,4
.\4\3515.csv,4
.\4\3516.csv,4
.\4\3517.csv,4
.\4\3520.csv,4
.\4\3521.csv,4
.\4\3522.csv,4
.\4\3523.csv,4
.\4\3524.csv,4
.\4\3525.csv,4
.\4\3526.csv,4
.\4\3527.csv,4
.\4\3530.csv,4
.\4\3531.csv,4
.\4\3532.csv,4
.\4\3533.csv,4
.\4\3534.csv,4
.\4\3535.csv,4
.\4\3536.csv,4
.\4\3537.csv,4
.\4\3540.csv,4
.\4\3541.csv,4
.\4\3542.csv,4
.\4\3543.csv,4
.\4\3544.csv,4
.\4\3545.csv,4
.\4\3546.csv,4
.\4\3547.csv,4
.\4\3550.csv,4
.\4\3551.csv,4
.\4\3552.csv,4
.\4\3553.csv,4
.\4\3554.csv,4
.\4\3555.csv,4
.\4\3556.csv,4
.\4\3557.csv,4
.\4\3560.csv,4
.\4\3561.csv,4
.\4\3562.csv,4
.\4\3563.csv,4
.\4\3564.csv,4
.\4\3565.csv,4
.\4\3566.csv,4
.\4\3567.csv,4
.\4\3570.csv,4
.\4\3571.csv,4
.\4\3572.csv,4
.\4\3573.csv,4
.\4\3574.csv,4
.\4\3575.csv,4
.\4\3576.csv,4
.\4\3577.csv,4
.\4\3580.csv,4
.\4\3581.csv,4
.\4\3582.csv,4
.\4\3583.csv,4
.\4\3584.csv,4
.\4\3585.csv,4
.\4\3586.csv,4
.\4\3587.csv,4
.\4\3590.csv,4
.\4\3591.csv,4
.\4\3592.csv,4
.\4\3593.csv,4
.\4\3594.csv,4
.\4\3595.csv,4
.\4\3596.csv,4
.\4\3597.csv,4
.\4\3600.csv,4
.\4\3601.csv,4
.\4\3602.csv,4
.\4\3603.csv,4
.\4\3604.csv,4
.\4\3605.csv,4
.\4\3606.csv,4
.\4\3607.csv,4
.\4\3610.csv,4
.\4\3611.csv,4
.\4\3612.csv,4
.\4\3613.csv,4
.\4\3614.csv,4
.\4\3615.csv,4
.\4\3616.csv,4
.\4\3617.csv,4
.\4\3620.csv,4
.\4\3621.csv,4
.\4\3622.csv,4
.\4\3623.csv,4
.\4\3624.csv,4
.\4\3625.csv,4
.\4\3626.csv,4
.\4\3627.csv,4
.\4\3630.csv,4
.\4\3631.csv,4
.\4\3632.csv,4
.\4\3633.csv,4
.\4\3634.csv,4
.\4\3635.csv,4
.\4\3636.csv,4
.\4\3637.csv,4
.\4\3640.csv,4
.\4\3641.csv,4
.\4\3642.csv,4
.\4\3643.csv,4
.\4\3644.csv,4
.\4\3645.csv,4
.\4\3646.csv,4
.\4\3647.csv,4
.\4\3650.csv,4
.\4\3651.csv,4
.\4\3652.csv,4
.\4\3653.csv,4
.\4\3654.csv,4
.\4\3655.csv,4
.\4\3656.csv,4
.\4\3657.csv,4
.\4\3660.csv,4
.\4\3661.csv,4
.\4\3662.csv,4
.\4\3663.csv,4
.\4\3664.csv,4
.\4\3665.csv,4
.\4\3666.csv,4
.\4\3667.csv,4
.\4\3670.csv,4
.\4\3671.csv,4
.\4\3672.csv,4
.\4\3673.csv,4
.\4\3674.csv,4
.\4\3675.csv,4
.\4\3676.csv,4
.\4\3677.csv,4
.\4\3680.csv,4
.\4\3681.csv,4
.\4\3682.csv,4
.\4\3683.csv,4
.\4\3684.csv,4
.\4\3685.csv,4
.\4\3686.csv,4
.\4\3687.csv,4
.\4\3690.csv,4
.\4\3691.csv,4
.\4\3692.csv,4
.\4\3693.csv,4
.\4\3694.csv,4
.\4\3695.csv,4
.\4\3696.csv,4
.\4\3697.csv,4
.\4\3700.csv,4
.\4\3701.csv,4
.\4\3702.csv,4
.\4\3703.csv,4
.\4\3704.csv,4
.\4\3705.csv,4
.\4\3706.csv,4
.\4\3707.csv,4
.\4\3710.csv,4
.\4\3711.csv,4
.\4\3712.csv,4
.\4\3713.csv,4
.\4\3714.csv,4
.\4\3715.csv,4
.\4\3716.csv,4
.\4\3717.csv,4
.\4\3720.csv,4
.\4\3721.csv,4
.\4\3722.csv,4
.\4\3723.csv,4
.\4\3724.csv,4
.\4\3725.csv,4
.\4\3726.csv,4
.\4\3727.csv,4
.\4\3730.csv,4
.\4\3731.csv,4
.\4\3732.csv,4
.\4\3733.csv,4
.\4\3734.csv,4
.\4\3735.csv,4
.\4\3736.csv,4
.\4\3737.csv,4
.\4\3740.csv,4
.\4\3741.csv,4
.\4\3742.csv,4
.\4\3743.csv,4
.\4\3744.csv,4
.\4\3745.csv,4
.\4\3746.csv,4
.\4\3747.csv,4
.\4\3750.csv,4
.\4\3751.csv,4
.\4\3752.csv,4
.\4\3753.csv,4
.\4\3754.csv,4
.\4\3755.csv,4
.\4\3756.csv,4
.\4\3757.csv,4
.\4\3760.csv,4
.\4\3761.csv,4
.\4\3762.csv,4
.\4\3763.csv,4
.\4\3764.csv,4
.\4\3765.csv,4
.\4\3766.csv,4
.\4\3767.csv,4
.\4\3770.csv,4
.\4\3771.csv,4
.\4\3772.csv,4
.\4\3773.csv,4
.\4\3774.csv,4
.\4\3775.csv,4
.\4\3776.csv,4
.\4\3777.csv,4
.\4\3780.csv,4
.\4\3781.csv,4
.\4\3782.csv,4
.\4\3783.csv,4
.\4\3784.csv,4
.\4\3785.csv,4
.\4\3786.csv,4
.\4\3787.csv,4
.\4\3790.csv,4
.\4\3791.csv,4
.\4\3792.csv,4
.\4\3793.csv,4
.\4\3794.csv,4
.\4\3795.csv,4
.\4\3796.csv,4
.\4\3797.csv,4
.\4\3800.csv,4
.\4\3801.csv,4
.\4\3802.csv,4
.\4\3803.csv,4
.\4\3804.csv,4
.\4\3805.csv,4
.\4\3806.csv,4
.\4\3807.csv,4
.\4\3810.csv,4
.\4\3811.csv,4
.\4\3812.csv,4
.\4\3813.csv,4
.\4\3814.csv,4
.\4\3815.csv,4
.\4\3816.csv,4
.\4\3817.csv,4
.\4\3820.csv,4
.\4\3821.csv,4
.\4\3822.csv,4
.\4\3823.csv,4
.\4\3824.csv,4
.\4\3825.csv,4
.\4\3826.csv,4
.\4\3827.csv,4
.\4\3830.csv,4
.\4\3831.csv,4
.\4\3832.csv,4
.\4\3833.csv,4
.\4\3834.csv,4
.\4\3835.csv,4
.\4\3836.csv,4
.\4\3837.csv,4
.\4\3840.csv,4
.\4\3841.csv,4
.\4\3842.csv,4
.\4\3843.csv,4
.\4\3844.csv,4
.\4\3845.csv,4
.\4\3846.csv,4
.\4\3847.csv,4
.\4\3850.csv,4
.\4\3851.csv,4
.\4\3852.csv,4
.\4\3853.csv,4
.\4\3854.csv,4
.\4\3855.csv,4
.\4\3856.csv,4
.\4\3857.csv,4
.\4\3860.csv,4
.\4\3861.csv,4
.\4\3862.csv,4
.\4\3863.csv,4
.\4\3864.csv,4
.\4\3865.csv,4
.\4\3866.csv,4
.\4\3867.csv,4
.\4\3870.csv,4
.\4\3871.csv,4
.\4\3872.csv,4
.\4\3873.csv,4
.\4\3874.csv,4
.\4\3875.csv,4
.\4\3876.csv,4
.\4\3877.csv,4
.\4\3880.csv,4
.\4\3881.csv,4
.\4\3882.csv,4
.\4\3883.csv,4
.\4\3884.csv,4
.\4\3885.csv,4
.\4\3886.csv,4
.\4\3887.csv,4
.\4\3890.csv,4
.\4\3891.csv,4
.\4\3892.csv,4
.\4\3893.csv,4
.\4\3894.csv,4
.\4\3895.csv,4
.\4\3896.csv,4
.\4\3897.csv,4
.\4\3900.csv,4
.\4\3901.csv,4
.\4\3902.csv,4
.\4\3903.csv,4
.\4\3904.csv,4
.\4\3905.csv,4
.\4\3906.csv,4
.\4\3907.csv,4
.\4\3910.csv,4
.\4\3911.csv,4
.\4\3912.csv,4
.\4\3913.csv,4
.\4\3914.csv,4
.\4\3915.csv,4
.\4\3916.csv,4
.\4\3917.csv,4
.\4\3920.csv,4
.\4\3921.csv,4
.\4\3922.csv,4
.\4\3923.csv,4
.\4\3924.csv,4
.\4\3925.csv,4
.\4\3926.csv,4
.\4\3927.csv,4
.\4\3930.csv,4
.\4\3931.csv,4
.\4\3932.csv,4
.\4\3933.csv,4
.\4\3934.csv,4
.\4\3935.csv,4
.\4\3936.csv,4
.\4\3937.csv,4
.\4\3940.csv,4
.\4\3941.csv,4
.\4\3942.csv,4
.\4\3943.csv,4
.\4\3944.csv,4
.\4\3945.csv,4
.\4\3946.csv,4
.\4\3947.csv,4
.\4\3950.csv,4
.\4\3951.csv,4
.\4\3952.csv,4
.\4\3953.csv,4
.\4\3954.csv,4
.\4\3955.csv,4
.\4\3956.csv,4
.\4\3957.csv,4
.\4\3960.csv,4
.\4\3961.csv,4
.\4\3962.csv,4
.\4\3963.csv,4
.\4\3964.csv,4
.\4\3965.csv,4
.\4\3966.csv,4
.\4\3967.csv,4
.\4\3970.csv,4
.\4\3971.csv,4
.\4\3972.csv,4
.\4\3973.csv,4
.\4\3974.csv,4
.\4\3975.csv,4
.\4\3976.csv,4
.\4\3977.csv,4
.\4\3980.csv,4
.\4\3981.csv,4
.\4\3982.csv,4
.\4\3983.csv,4
.\4\3984.csv,4
.\5\3985.csv,5
.\5\3986.csv,5
.\5\3987.csv,5
.\5\3990.csv,5
.\5\3991.csv,5
.\5\3992.csv,5
.\5\3993.csv,5
.\5\3994.csv,5
.\5\3995.csv,5
.\5\3996.csv,5
.\5\3997.csv,5
.\5\4000.csv,5
.\5\4001.csv,5
.\5\4002.csv,5
.\5\4003.csv,5
.\5\4004.csv,5
.\5\4005.csv,5
.\5\4006.csv,5
.\5\4007.csv,5
.\5\4010.csv,5
.\5\4011.csv,5
.\5\4012.csv,5
.\5\4013.csv,5
.\5\4014.csv,5
.\5\4015.csv,5
.\5\4016.csv,5
.\5\4017.csv,5
.\5\4020.csv,5
.\5\4021.csv,5
.\5\4022.csv,5
.\5\4023.csv,5
.\5\4024.csv,5
.\5\4025.csv,5
.\5\4026.csv,5
.\5\4027.csv,5
.\5\4030.csv,5
.\5\4031.csv,5
.\5\4032.csv,5
.\5\4033.csv,5
.\5\4034.csv,5
.\5\4035.csv,5
.\5\4036.csv,5
.\5\4037.csv,5
.\5\4040.csv,5
.\5\4041.csv,5
.\5\4042.csv,5
.\5\4043.csv,5
.\5\4044.csv,5
.\5\4045.csv,5
.\5\4046.csv,5
.\5\4047.csv,5
.\5\4050.csv,5
.\5\4051.csv,5
.\5\4052.csv,5
.\5\4053.csv,5
.\5\4054.csv,5
.\5\4055.csv,5
.\5\4056.csv,5
.\5\4057.csv,5
.\5\4060.csv,5
.\5\4061.csv,5
.\5\4062.csv,5
.\5\4063.csv,5
.\5\4064.csv,5
.\5\4065.csv,5
.\5\4066.csv,5
.\5\4067.csv,5
.\5\4070.csv,5
.\5\4071.csv,5
.\5\4072.csv,5
.\5\4073.csv,5
.\5\4074.csv,5
.\5\4075.csv,5
.\5\4076.csv,5
.\5\4077.csv,5
.\5\4080.csv,5
.\5\4081.csv,5
.\5\4082.csv,5
.\5\4083.csv,5
.\5\4084.csv,5
.\5\4085.csv,5
.\5\4086.csv,5
.\5\4087.csv,5
.\5\4090.csv,5
.\5\4091.csv,5
.\5\4092.csv,5
.\5\4093.csv,5
.\5\4094.csv,5
.\5\4095.csv,5
.\5\4096.csv,5
.\5\4097.csv,5
.\5\4100.csv,5
.\5\4101.csv,5
.\5\4102.csv,5
.\5\4103.csv,5
.\5\4104.csv,5
.\5\4105.csv,5
.\5\4106.csv,5
.\5\4107.csv,5
.\5\4110.csv,5
.\5\4111.csv,5
.\5\4112.csv,5
.\5\4113.csv,5
.\5\4114.csv,5
.\5\4115.csv,5
.\5\4116.csv,5
.\5\4117.csv,5
.\5\4120.csv,5
.\5\4121.csv,5
.\5\4122.csv,5
.\5\4123.csv,5
.\5\4124.csv,5
.\5\4125.csv,5
.\5\4126.csv,5
.\5\4127.csv,5
.\5\4130.csv,5
.\5\4131.csv,5
.\5\4132.csv,5
.\5\4133.csv,5
.\5\4134.csv,5
.\5\4135.csv,5
.\5\4136.csv,5
.\5\4137.csv,5
.\5\4140.csv,5
.\5\4141.csv,5
.\5\4142.csv,5
.\5\4143.csv,5
.\5\4144.csv,5
.\5\4145.csv,5
.\5\4146.csv,5
.\5\4147.csv,5
.\5\4150.csv,5
.\5\4151.csv,5
.\5\4152.csv,5
.\5\4153.csv,5
.\5\4154.csv,5
.\5\4155.csv,5
.\5\4156.csv,5
.\5\4157.csv,5
.\5\4160.csv,5
.\5\4161.csv,5
.\5\4162.csv,5
.\5\4163.csv,5
.\5\4164.csv,5
.\5\4165.csv,5
.\5\4166.csv,5
.\5\4167.csv,5
.\5\4170.csv,5
.\5\4171.csv,5
.\5\4172.csv,5
.\5\4173.csv,5
.\5\4174.csv,5
.\5\4175.csv,5
.\5\4176.csv,5
.\5\4177.csv,5
.\5\4180.csv,5
.\5\4181.csv,5
.\5\4182.csv,5
.\5\4183.csv,5
.\5\4184.csv,5
.\5\4185.csv,5
.\5\4186.csv,5
.\5\4187.csv,5
.\5\4190.csv,5
.\5\4191.csv,5
.\5\4192.csv,5
.\5\4193.csv,5
.\5\4194.csv,5
.\5\4195.csv,5
.\5\4196.csv,5
.\5\4197.csv,5
.\5\4200.csv,5
.\5\4201.csv,5
.\5\4202.csv,5
.\5\4203.csv,5
.\5\4204.csv,5
.\5\4205.csv,5
.\5\4206.csv,5
.\5\4207.csv,5
.\5\4210.csv,5
.\5\4211.csv,5
.\5\4212.csv,5
.\5\4213.csv,5
.\5\4214.csv,5
.\5\4215.csv,5
.\5\4216.csv,5
.\5\4217.csv,5
.\5\4220.csv,5
.\5\4221.csv,5
.\5\4222.csv,5
.\5\4223.csv,5
.\5\4224.csv,5
.\5\4225.csv,5
.\5\4226.csv,5
.\5\4227.csv,5
.\5\4230.csv,5
.\5\4231.csv,5
.\5\4232.csv,5
.\5\4233.csv,5
.\5\4234.csv,5
.\5\4235.csv,5
.\5\4236.csv,5
.\5\4237.csv,5
.\5\4240.csv,5
.\5\4241.csv,5
.\5\4242.csv,5
.\5\4243.csv,5
.\5\4244.csv,5
.\5\4245.csv,5
.\5\4246.csv,5
.\5\4247.csv,5
.\5\4250.csv,5
.\5\4251.csv,5
.\5\4252.csv,5
.\5\4253.csv,5
.\5\4254.csv,5
.\5\4255.csv,5
.\5\4256.csv,5
.\5\4257.csv,5
.\5\4260.csv,5
.\5\4261.csv,5
.\5\4262.csv,5
.\5\4263.csv,5
.\5\4264.csv,5
.\5\4265.csv,5
.\5\4266.csv,5
.\5\4267.csv,5
.\5\4270.csv,5
.\5\4271.csv,5
.\5\4272.csv,5
.\5\4273.csv,5
.\5\4274.csv,5
.\5\4275.csv,5
.\5\4276.csv,5
.\5\4277.csv,5
.\5\4280.csv,5
.\5\4281.csv,5
.\5\4282.csv,5
.\5\4283.csv,5
.\5\4284.csv,5
.\5\4285.csv,5
.\5\4286.csv,5
.\5\4287.csv,5
.\5\4290.csv,5
.\5\4291.csv,5
.\5\4292.csv,5
.\5\4293.csv,5
.\5\4294.csv,5
.\5\4295.csv,5
.\5\4296.csv,5
.\5\4297.csv,5
.\5\4300.csv,5
.\5\4301.csv,5
.\5\4302.csv,5
.\5\4303.csv,5
.\5\4304.csv,5
.\5\4305.csv,5
.\5\4306.csv,5
.\5\4307.csv,5
.\5\4310.csv,5
.\5\4311.csv,5
.\5\4312.csv,5
.\5\4313.csv,5
.\5\4314.csv,5
.\5\4315.csv,5
.\5\4316.csv,5
.\5\4317.csv,5
.\5\4320.csv,5
.\5\4321.csv,5
.\5\4322.csv,5
.\5\4323.csv,5
.\5\4324.csv,5
.\5\4325.csv,5
.\5\4326.csv,5
.\5\4327.csv,5
.\5\4330.csv,5
.\5\4331.csv,5
.\5\4332.csv,5
.\5\4333.csv,5
.\5\4334.csv,5
.\5\4335.csv,5
.\5\4336.csv,5
.\5\4337.csv,5
.\5\4340.csv,5
.\5\4341.csv,5
.\5\4342.csv,5
.\5\4343.csv,5
.\5\4344.csv,5
.\5\4345.csv,5
.\5\4346.csv,5
.\5\4347.csv,5
.\5\4350.csv,5
.\5\4351.csv,5
.\5\4352.csv,5
.\5\4353.csv,5
.\5\4354.csv,5
.\5\4355.csv,5
.\5\4356.csv,5
.\5\4357.csv,5
.\5\4360.csv,5
.\5\4361.csv,5
.\5\4362.csv,5
.\5\4363.csv,5
.\5\4364.csv,5
.\5\4365.csv,5
.\5\4366.csv,5
.\5\4367.csv,5
.\5\4370.csv,5
.\5\4371.csv,5
.\5\4372.csv,5
.\5\4373.csv,5
.\5\4374.csv,5
.\5\4375.csv,5
.\5\4376.csv,5
.\5\4377.csv,5
.\5\4380.csv,5
.\5\4381.csv,5
.\5\4382.csv,5
.\5\4383.csv,5
.\5\4384.csv,5
.\5\4385.csv,5
.\5\4386.csv,5
.\5\4387.csv,5
.\5\4390.csv,5
.\5\4391.csv,5
.\5\4392.csv,5
.\5\4393.csv,5
.\5\4394.csv,5
.\5\4395.csv,5
.\5\4396.csv,5
.\5\4397.csv,5
.\5\4400.csv,5
.\5\4401.csv,5
.\5\4402.csv,5
.\5\4403.csv,5
.\5\4404.csv,5
.\5\4405.csv,5
.\5\4406.csv,5
.\5\4407.csv,5
.\5\4410.csv,5
.\5\4411.csv,5
.\5\4412.csv,5
.\5\4413.csv,5
.\5\4414.csv,5
.\5\4415.csv,5
.\5\4416.csv,5
.\5\4417.csv,5
.\5\4420.csv,5
.\5\4421.csv,5
.\5\4422.csv,5
.\5\4423.csv,5
.\5\4424.csv,5
.\5\4425.csv,5
.\5\4426.csv,5
.\5\4427.csv,5
.\5\4430.csv,5
.\5\4431.csv,5
.\5\4432.csv,5
.\5\4433.csv,5
.\5\4434.csv,5
.\5\4435.csv,5
.\5\4436.csv,5
.\5\4437.csv,5
.\5\4440.csv,5
.\5\4441.csv,5
.\5\4442.csv,5
.\5\4443.csv,5
.\5\4444.csv,5
.\5\4445.csv,5
.\5\4446.csv,5
.\5\4447.csv,5
.\5\4450.csv,5
.\5\4451.csv,5
.\5\4452.csv,5
.\5\4453.csv,5
.\5\4454.csv,5
.\5\4455.csv,5
.\5\4456.csv,5
.\5\4457.csv,5
.\5\4460.csv,5
.\5\4461.csv,5
.\5\4462.csv,5
.\5\4463.csv,5
.\5\4464.csv,5
.\5\4465.csv,5
.\5\4466.csv,5
.\5\4467.csv,5
.\5\4470.csv,5
.\5\4471.csv,5
.\5\4472.csv,5
.\5\4473.csv,5
.\5\4474.csv,5
.\5\4475.csv,5
.\5\4476.csv,5
.\5\4477.csv,5
.\5\4480.csv,5
.\5\4481.csv,5
.\5\4482.csv,5
.\5\4483.csv,5
.\5\4484.csv,5
.\5\4485.csv,5
.\5\4486.csv,5
.\5\4487.csv,5
.\5\4490.csv,5
.\5\4491.csv,5
.\5\4492.csv,5
.\5\4493.csv,5
.\5\4494.csv,5
.\5\4495.csv,5
.\5\4496.csv,5
.\5\4497.csv,5
.\5\4500.csv,5
.\5\4501.csv,5
.\5\4502.csv,5
.\5\4503.csv,5
.\5\4504.csv,5
.\5\4505.csv,5
.\5\4506.csv,5
.\5\4507.csv,5
.\5\4510.csv,5
.\5\4511.csv,5
.\5\4512.csv,5
.\5\4513.csv,5
.\5\4514.csv,5
.\5\4515.csv,5
.\5\4516.csv,5
.\5\4517.csv,5
.\5\4520.csv,5
.\5\4521.csv,5
.\5\4522.csv,5
.\5\4523.csv,5
.\5\4524.csv,5
.\5\4525.csv,5
.\5\4526.csv,5
.\5\4527.csv,5
.\5\4530.csv,5
.\5\4531.csv,5
.\5\4532.csv,5
.\5\4533.csv,5
.\5\4534.csv,5
.\5\4535.csv,5
.\5\4536.csv,5
.\5\4537.csv,5
.\5\4540.csv,5
.\5\4541.csv,5
.\5\4542.csv,5
.\5\4543.csv,5
.\5\4544.csv,5
.\5\4545.csv,5
.\5\4546.csv,5
.\5\4547.csv,5
.\5\4550.csv,5
.\5\4551.csv,5
.\5\4552.csv,5
.\5\4553.csv,5
.\5\4554.csv,5
.\5\4555.csv,5
.\5\4556.csv,5
.\5\4557.csv,5
.\5\4560.csv,5
.\5\4561.csv,5
.\5\4562.csv,5
.\5\4563.csv,5
.\5\4564.csv,5
.\5\4565.csv,5
.\5\4566.csv,5
.\5\4567.csv,5
.\5\4570.csv,5
.\5\4571.csv,5
.\5\4572.csv,5
.\5\4573.csv,5
.\5\4574.csv,5
.\5\4575.csv,5
.\5\4576.csv,5
.\5\4577.csv,5
.\5\4580.csv,5
.\5\4581.csv,5
.\5\4582.csv,5
.\5\4583.csv,5
.\5\4584.csv,5
.\5\4585.csv,5
.\5\4586.csv,5
.\5\4587.csv,5
.\5\4590.csv,5
.\5\4591.csv,5
.\5\4592.csv,5
.\5\4593.csv,5
.\5\4594.csv,5
.\5\4595.csv,5
.\5\4596.csv,5
.\5\4597.csv,5
.\5\4600.csv,5
.\5\4601.csv,5
.\5\4602.csv,5
.\5\4603.csv,5
.\5\4604.csv,5
.\5\4605.csv,5
.\5\4606.csv,5
.\5\4607.csv,5
.\5\4610.csv,5
.\5\4611.csv,5
.\5\4612.csv,5
.\5\4613.csv,5
.\5\4614.csv,5
.\5\4615.csv,5
.\5\4616.csv,5
.\5\4617.csv,5
.\5\4620.csv,5
.\5\4621.csv,5
.\5\4622.csv,5
.\5\4623.csv,5
.\5\4624.csv,5
.\5\4625.csv,5
.\5\4626.csv,5
.\5\4627.csv,5
.\5\4630.csv,5
.\5\4631.csv,5
.\5\4632.csv,5
.\5\4633.csv,5
.\5\4634.csv,5
.\5\4635.csv,5
.\5\4636.csv,5
.\5\4637.csv,5
.\5\4640.csv,5
.\5\4641.csv,5
.\5\4642.csv,5
.\5\4643.csv,5
.\5\4644.csv,5
.\5\4645.csv,5
.\5\4646.csv,5
.\5\4647.csv,5
.\5\4650.csv,5
.\5\4651.csv,5
.\5\4652.csv,5
.\5\4653.csv,5
.\5\4654.csv,5
.\5\4655.csv,5
.\5\4656.csv,5
.\5\4657.csv,5
.\5\4660.csv,5
.\5\4661.csv,5
.\5\4662.csv,5
.\5\4663.csv,5
.\5\4664.csv,5
.\5\4665.csv,5
.\5\4666.csv,5
.\5\4667.csv,5
.\5\4670.csv,5
.\5\4671.csv,5
.\5\4672.csv,5
.\5\4673.csv,5
.\5\4674.csv,5
.\5\4675.csv,5
.\5\4676.csv,5
.\5\4677.csv,5
.\5\4680.csv,5
.\5\4681.csv,5
.\5\4682.csv,5
.\5\4683.csv,5
.\5\4684.csv,5
.\5\4685.csv,5
.\5\4686.csv,5
.\5\4687.csv,5
.\5\4690.csv,5
.\5\4691.csv,5
.\5\4692.csv,5
.\5\4693.csv,5
.\5\4694.csv,5
.\5\4695.csv,5
.\5\4696.csv,5
.\5\4697.csv,5
.\5\4700.csv,5
.\5\4701.csv,5
.\5\4702.csv,5
.\5\4703.csv,5
.\5\4704.csv,5
.\5\4705.csv,5
.\5\4706.csv,5
.\5\4707.csv,5
.\5\4710.csv,5
.\5\4711.csv,5
.\5\4712.csv,5
.\5\4713.csv,5
.\5\4714.csv,5
.\5\4715.csv,5
.\5\4716.csv,5
.\5\4717.csv,5
.\5\4720.csv,5
.\5\4721.csv,5
.\5\4722.csv,5
.\5\4723.csv,5
.\5\4724.csv,5
.\5\4725.csv,5
.\5\4726.csv,5
.\5\4727.csv,5
.\5\4730.csv,5
.\5\4731.csv,5
.\5\4732.csv,5
.\5\4733.csv,5
.\5\4734.csv,5
.\5\4735.csv,5
.\5\4736.csv,5
.\5\4737.csv,5
.\5\4740.csv,5
.\5\4741.csv,5
.\5\4742.csv,5
.\5\4743.csv,5
.\5\4744.csv,5
.\5\4745.csv,5
.\5\4746.csv,5
.\5\4747.csv,5
.\5\4750.csv,5
.\5\4751.csv,5
.\5\4752.csv,5
.\5\4753.csv,5
.\5\4754.csv,5
.\5\4755.csv,5
.\5\4756.csv,5
.\5\4757.csv,5
.\5\4760.csv,5
.\5\4761.csv,5
.\5\4762.csv,5
.\5\4763.csv,5
.\5\4764.csv,5
.\5\4765.csv,5
.\5\4766.csv,5
.\5\4767.csv,5
.\5\4770.csv,5
.\5\4771.csv,5
.\5\4772.csv,5
.\5\4773.csv,5
.\5\4774.csv,5
.\5\4775.csv,5
.\5\4776.csv,5
.\5\4777.csv,5
.\5\4780.csv,5
.\5\4781.csv,5
.\5\4782.csv,5
.\5\4783.csv,5
.\5\4784.csv,5
.\5\4785.csv,5
.\5\4786.csv,5
.\5\4787.csv,5
.\5\4790.csv,5
.\5\4791.csv,5
.\5\4792.csv,5
.\5\4793.csv,5
.\5\4794.csv,5
.\5\4795.csv,5
.\5\4796.csv,5
.\5\4797.csv,5
.\5\4800.csv,5
.\5\4801.csv,5
.\5\4802.csv,5
.\5\4803.csv,5
.\5\4804.csv,5
.\5\4805.csv,5
.\5\4806.csv,5
.\5\4807.csv,5
.\5\4810.csv,5
.\5\4811.csv,5
.\5\4812.csv,5
.\5\4813.csv,5
.\5\4814.csv,5
.\5\4815.csv,5
.\5\4816.csv,5
.\5\4817.csv,5
.\5\4820.csv,5
.\5\4821.csv,5
.\5\4822.csv,5
.\5\4823.csv,5
.\5\4824.csv,5
.\5\4825.csv,5
.\5\4826.csv,5
.\6\4827.csv,6
.\6\4830.csv,6
.\6\4831.csv,6
.\6\4832.csv,6
.\6\4833.csv,6
.\6\4834.csv,6
.\6\4835.csv,6
.\6\4836.csv,6
.\6\4837.csv,6
.\6\4840.csv,6
.\6\4841.csv,6
.\6\4842.csv,6
.\6\4843.csv,6
.\6\4844.csv,6
.\6\4845.csv,6
.\6\4846.csv,6
.\6\4847.csv,6
.\6\4850.csv,6
.\6\4851.csv,6
.\6\4852.csv,6
.\6\4853.csv,6
.\6\4854.csv,6
.\6\4855.csv,6
.\6\4856.csv,6
.\6\4857.csv,6
.\6\4860.csv,6
.\6\4861.csv,6
.\6\4862.csv,6
.\6\4863.csv,6
.\6\4864.csv,6
.\6\4865.csv,6
.\6\4866.csv,6
.\6\4867.csv,6
.\6\4870.csv,6
.\6\4871.csv,6
.\6\4872.csv,6
.\6\4873.csv,6
.\6\4874.csv,6
.\6\4875.csv,6
.\6\4876.csv,6
.\6\4877.csv,6
.\6\4880.csv,6
.\6\4881.csv,6
.\6\4882.csv,6
.\6\4883.csv,6
.\6\4884.csv,6
.\6\4885.csv,6
.\6\4886.csv,6
.\6\4887.csv,6
.\6\4890.csv,6
.\6\4891.csv,6
.\6\4892.csv,6
.\6\4893.csv,6
.\6\4894.csv,6
.\6\4895.csv,6
.\6\4896.csv,6
.\6\4897.csv,6
.\6\4900.csv,6
.\6\4901.csv,6
.\6\4902.csv,6
.\6\4903.csv,6
.\6\4904.csv,6
.\6\4905.csv,6
.\6\4906.csv,6
.\6\4907.csv,6
.\6\4910.csv,6
.\6\4911.csv,6
.\6\4912.csv,6
.\6\4913.csv,6
.\6\4914.csv,6
.\6\4915.csv,6
.\6\4916.csv,6
.\6\4917.csv,6
.\6\4920.csv,6
.\6\4921.csv,6
.\6\4922.csv,6
.\6\4923.csv,6
.\6\4924.csv,6
.\6\4925.csv,6
.\6\4926.csv,6
.\6\4927.csv,6
.\6\4930.csv,6
.\6\4931.csv,6
.\6\4932.csv,6
.\6\4933.csv,6
.\6\4934.csv,6
.\6\4935.csv,6
.\6\4936.csv,6
.\6\4937.csv,6
.\6\4940.csv,6
.\6\4941.csv,6
.\6\4942.csv,6
.\6\4943.csv,6
.\6\4944.csv,6
.\6\4945.csv,6
.\6\4946.csv,6
.\6\4947.csv,6
.\6\4950.csv,6
.\6\4951.csv,6
.\6\4952.csv,6
.\6\4953.csv,6
.\6\4954.csv,6
.\6\4955.csv,6
.\6\4956.csv,6
.\6\4957.csv,6
.\6\4960.csv,6
.\6\4961.csv,6
.\6\4962.csv,6
.\6\4963.csv,6
.\6\4964.csv,6
.\6\4965.csv,6
.\6\4966.csv,6
.\6\4967.csv,6
.\6\4970.csv,6
.\6\4971.csv,6
.\6\4972.csv,6
.\6\4973.csv,6
.\6\4974.csv,6
.\6\4975.csv,6
.\6\4976.csv,6
.\6\4977.csv,6
.\6\4980.csv,6
.\6\4981.csv,6
.\6\4982.csv,6
.\6\4983.csv,6
.\6\4984.csv,6
.\6\4985.csv,6
.\6\4986.csv,6
.\6\4987.csv,6
.\6\4990.csv,6
.\6\4991.csv,6
.\6\4992.csv,6
.\6\4993.csv,6
.\6\4994.csv,6
.\6\4995.csv,6
.\6\4996.csv,6
.\6\4997.csv,6
.\6\5000.csv,6
.\6\5001.csv,6
.\6\5002.csv,6
.\6\5003.csv,6
.\6\5004.csv,6
.\6\5005.csv,6
.\6\5006.csv,6
.\6\5007.csv,6
.\6\5010.csv,6
.\6\5011.csv,6
.\6\5012.csv,6
.\6\5013.csv,6
.\6\5014.csv,6
.\6\5015.csv,6
.\6\5016.csv,6
.\6\5017.csv,6
.\6\5020.csv,6
.\6\5021.csv,6
.\6\5022.csv,6
.\6\5023.csv,6
.\6\5024.csv,6
.\6\5025.csv,6
.\6\5026.csv,6
.\6\5027.csv,6
.\6\5030.csv,6
.\6\5031.csv,6
.\6\5032.csv,6
.\6\5033.csv,6
.\6\5034.csv,6
.\6\5035.csv,6
.\6\5036.csv,6
.\6\5037.csv,6
.\6\5040.csv,6
.\6\5041.csv,6
.\6\5042.csv,6
.\6\5043.csv,6
.\6\5044.csv,6
.\6\5045.csv,6
.\6\5046.csv,6
.\6\5047.csv,6
.\6\5050.csv,6
.\6\5051.csv,6
.\6\5052.csv,6
.\6\5053.csv,6
.\6\5054.csv,6
.\6\5055.csv,6
.\6\5056.csv,6
.\6\5057.csv,6
.\6\5060.csv,6
.\6\5061.csv,6
.\6\5062.csv,6
.\6\5063.csv,6
.\6\5064.csv,6
.\6\5065.csv,6
.\6\5066.csv,6
.\6\5067.csv,6
.\6\5070.csv,6
.\6\5071.csv,6
.\6\5072.csv,6
.\6\5073.csv,6
.\6\5074.csv,6
.\6\5075.csv,6
.\6\5076.csv,6
.\6\5077.csv,6
.\6\5080.csv,6
.\6\5081.csv,6
.\6\5082.csv,6
.\6\5083.csv,6
.\6\5084.csv,6
.\6\5085.csv,6
.\6\5086.csv,6
.\6\5087.csv,6
.\6\5090.csv,6
.\6\5091.csv,6
.\6\5092.csv,6
.\6\5093.csv,6
.\6\5094.csv,6
.\6\5095.csv,6
.\6\5096.csv,6
.\6\5097.csv,6
.\6\5100.csv,6
.\6\5101.csv,6
.\6\5102.csv,6
.\6\5103.csv,6
.\6\5104.csv,6
.\6\5105.csv,6
.\6\5106.csv,6
.\6\5107.csv,6
.\6\5110.csv,6
.\6\5111.csv,6
.\6\5112.csv,6
.\6\5113.csv,6
.\6\5114.csv,6
.\6\5115.csv,6
.\6\5116.csv,6
.\6\5117.csv,6
.\6\5120.csv,6
.\6\5121.csv,6
.\6\5122.csv,6
.\6\5123.csv,6
.\6\5124.csv,6
.\6\5125.csv,6
.\6\5126.csv,6
.\6\5127.csv,6
.\6\5130.csv,6
.\6\5131.csv,6
.\6\5132.csv,6
.\6\5133.csv,6
.\6\5134.csv,6
.\6\5135.csv,6
.\6\5136.csv,6
.\6\5137.csv,6
.\6\5140.csv,6
.\6\5141.csv,6
.\6\5142.csv,6
.\6\5143.csv,6
.\6\5144.csv,6
.\6\5145.csv,6
.\6\5146.csv,6
.\6\5147.csv,6
.\6\5150.csv,6
.\6\5151.csv,6
.\6\5152.csv,6
.\6\5153.csv,6
.\6\5154.csv,6
.\6\5155.csv,6
.\6\5156.csv,6
.\6\5157.csv,6
.\6\5160.csv,6
.\6\5161.csv,6
.\6\5162.csv,6
.\6\5163.csv,6
.\6\5164.csv,6
.\6\5165.csv,6
.\6\5166.csv,6
.\6\5167.csv,6
.\6\5170.csv,6
.\6\5171.csv,6
.\6\5172.csv,6
.\6\5173.csv,6
.\6\5174.csv,6
.\6\5175.csv,6
.\6\5176.csv,6
.\6\5177.csv,6
.\6\5180.csv,6
.\6\5181.csv,6
.\6\5182.csv,6
.\6\5183.csv,6
.\6\5184.csv,6
.\6\5185.csv,6
.\6\5186.csv,6
.\6\5187.csv,6
.\6\5190.csv,6
.\6\5191.csv,6
.\6\5192.csv,6
.\6\5193.csv,6
.\6\5194.csv,6
.\6\5195.csv,6
.\6\5196.csv,6
.\6\5197.csv,6
.\6\5200.csv,6
.\6\5201.csv,6
.\6\5202.csv,6
.\6\5203.csv,6
.\6\5204.csv,6
.\6\5205.csv,6
.\6\5206.csv,6
.\6\5207.csv,6
.\6\5210.csv,6
.\6\5211.csv,6
.\6\5212.csv,6
.\6\5213.csv,6
.\6\5214.csv,6
.\6\5215.csv,6
.\6\5216.csv,6
.\6\5217.csv,6
.\6\5220.csv,6
.\6\5221.csv,6
.\6\5222.csv,6
.\6\5223.csv,6
.\6\5224.csv,6
.\6\5225.csv,6
.\6\5226.csv,6
.\6\5227.csv,6
.\6\5230.csv,6
.\6\5231.csv,6
.\6\5232.csv,6
.\6\5233.csv,6
.\6\5234.csv,6
.\6\5235.csv,6
.\6\5236.csv,6
.\6\5237.csv,6
.\6\5240.csv,6
.\6\5241.csv,6
.\6\5242.csv,6
.\6\5243.csv,6
.\6\5244.csv,6
.\6\5245.csv,6
.\6\5246.csv,6
.\6\5247.csv,6
.\6\5250.csv,6
.\6\5251.csv,6
.\6\5252.csv,6
.\6\5253.csv,6
.\6\5254.csv,6
.\6\5255.csv,6
.\6\5256.csv,6
.\6\5257.csv,6
.\6\5260.csv,6
.\6\5261.csv,6
.\6\5262.csv,6
.\6\5263.csv,6
.\6\5264.csv,6
.\6\5265.csv,6
.\6\5266.csv,6
.\6\5267.csv,6
.\6\5270.csv,6
.\6\5271.csv,6
.\6\5272.csv,6
.\6\5273.csv,6
.\6\5274.csv,6
.\6\5275.csv,6
.\6\5276.csv,6
.\6\5277.csv,6
.\6\5280.csv,6
.\6\5281.csv,6
.\6\5282.csv,6
.\6\5283.csv,6
.\6\5284.csv,6
.\6\5285.csv,6
.\6\5286.csv,6
.\6\5287.csv,6
.\6\5290.csv,6
.\6\5291.csv,6
.\6\5292.csv,6
.\6\5293.csv,6
.\6\5294.csv,6
.\6\5295.csv,6
.\6\5296.csv,6
.\6\5297.csv,6
.\6\5300.csv,6
.\6\5301.csv,6
.\6\5302.csv,6
.\6\5303.csv,6
.\6\5304.csv,6
.\6\5305.csv,6
.\6\5306.csv,6
.\6\5307.csv,6
.\6\5310.csv,6
.\6\5311.csv,6
.\6\5312.csv,6
.\6\5313.csv,6
.\6\5314.csv,6
.\6\5315.csv,6
.\6\5316.csv,6
.\6\5317.csv,6
.\6\5320.csv,6
.\6\5321.csv,6
.\6\5322.csv,6
.\6\5323.csv,6
.\6\5324.csv,6
.\6\5325.csv,6
.\6\5326.csv,6
.\6\5327.csv,6
.\6\5330.csv,6
.\6\5331.csv,6
.\6\5332.csv,6
.\6\5333.csv,6
.\6\5334.csv,6
.\6\5335.csv,6
.\6\5336.csv,6
.\6\5337.csv,6
.\6\5340.csv,6
.\6\5341.csv,6
.\6\5342.csv,6
.\6\5343.csv,6
.\6\5344.csv,6
.\6\5345.csv,6
.\6\5346.csv,6
.\6\5347.csv,6
.\6\5350.csv,6
.\6\5351.csv,6
.\6\5352.csv,6
.\6\5353.csv,6
.\6\5354.csv,6
.\6\5355.csv,6
.\6\5356.csv,6
.\6\5357.csv,6
.\6\5360.csv,6
.\6\5361.csv,6
.\6\5362.csv,6
.\6\5363.csv,6
.\6\5364.csv,6
.\6\5365.csv,6
.\6\5366.csv,6
.\6\5367.csv,6
.\6\5370.csv,6
.\6\5371.csv,6
.\6\5372.csv,6
.\6\5373.csv,6
.\6\5374.csv,6
.\6\5375.csv,6
.\6\5376.csv,6
.\6\5377.csv,6
.\6\5380.csv,6
.\6\5381.csv,6
.\6\5382.csv,6
.\6\5383.csv,6
.\6\5384.csv,6
.\6\5385.csv,6
.\6\5386.csv,6
.\6\5387.csv,6
.\6\5390.csv,6
.\6\5391.csv,6
.\6\5392.csv,6
.\6\5393.csv,6
.\6\5394.csv,6
.\6\5395.csv,6
.\6\5396.csv,6
.\6\5397.csv,6
.\6\5400.csv,6
.\6\5401.csv,6
.\6\5402.csv,6
.\6\5403.csv,6
.\6\5404.csv,6
.\6\5405.csv,6
.\6\5406.csv,6
.\6\5407.csv,6
.\6\5410.csv,6
.\6\5411.csv,6
.\6\5412.csv,6
.\6\5413.csv,6
.\6\5414.csv,6
.\6\5415.csv,6
.\6\5416.csv,6
.\6\5417.csv,6
.\6\5420.csv,6
.\6\5421.csv,6
.\6\5422.csv,6
.\6\5423.csv,6
.\6\5424.csv,6
.\6\5425.csv,6
.\6\5426.csv,6
.\6\5427.csv,6
.\6\5430.csv,6
.\6\5431.csv,6
.\6\5432.csv,6
.\6\5433.csv,6
.\6\5434.csv,6
.\6\5435.csv,6
.\6\5436.csv,6
.\6\5437.csv,6
.\6\5440.csv,6
.\6\5441.csv,6
.\6\5442.csv,6
.\6\5443.csv,6
.\6\5444.csv,6
.\6\5445.csv,6
.\6\5446.csv,6
.\6\5447.csv,6
.\6\5450.csv,6
.\6\5451.csv,6
.\6\5452.csv,6
.\6\5453.csv,6
.\6\5454.csv,6
.\6\5455.csv,6
.\6\5456.csv,6
.\6\5457.csv,6
.\6\5460.csv,6
.\6\5461.csv,6
.\6\5462.csv,6
.\6\5463.csv,6
.\6\5464.csv,6
.\6\5465.csv,6
.\6\5466.csv,6
.\6\5467.csv,6
.\6\5470.csv,6
.\6\5471.csv,6
.\6\5472.csv,6
.\6\5473.csv,6
.\6\5474.csv,6
.\6\5475.csv,6
.\6\5476.csv,6
.\6\5477.csv,6
.\6\5480.csv,6
.\6\5481.csv,6
.\6\5482.csv,6
.\6\5483.csv,6
.\6\5484.csv,6
.\6\5485.csv,6
.\6\5486.csv,6
.\6\5487.csv,6
.\6\5490.csv,6
.\6\5491.csv,6
.\6\5492.csv,6
.\6\5493.csv,6
.\6\5494.csv,6
.\6\5495.csv,6
.\6\5496.csv,6
.\6\5497.csv,6
.\6\5500.csv,6
.\6\5501.csv,6
.\6\5502.csv,6
.\6\5503.csv,6
.\6\5504.csv,6
.\6\5505.csv,6
.\6\5506.csv,6
.\6\5507.csv,6
.\6\5510.csv,6
.\6\5511.csv,6
.\6\5512.csv,6
.\6\5513.csv,6
.\6\5514.csv,6
.\6\5515.csv,6
.\6\5516.csv,6
.\6\5517.csv,6
.\6\5520.csv,6
.\6\5521.csv,6
.\6\5522.csv,6
.\6\5523.csv,6
.\6\5524.csv,6
.\6\5525.csv,6
.\6\5526.csv,6
.\6\5527.csv,6
.\6\5530.csv,6
.\6\5531.csv,6
.\6\5532.csv,6
.\6\5533.csv,6
.\6\5534.csv,6
.\6\5535.csv,6
.\6\5536.csv,6
.\6\5537.csv,6
.\6\5540.csv,6
.\6\5541.csv,6
.\6\5542.csv,6
.\6\5543.csv,6
.\6\5544.csv,6
.\6\5545.csv,6
.\6\5546.csv,6
.\6\5547.csv,6
.\6\5550.csv,6
.\6\5551.csv,6
.\6\5552.csv,6
.\6\5553.csv,6
.\6\5554.csv,6
.\6\5555.csv,6
.\6\5556.csv,6
.\6\5557.csv,6
.\6\5560.csv,6
.\6\5561.csv,6
.\6\5562.csv,6
.\6\5563.csv,6
.\6\5564.csv,6
.\6\5565.csv,6
.\6\5566.csv,6
.\6\5567.csv,6
.\6\5570.csv,6
.\6\5571.csv,6
.\6\5572.csv,6
.\6\5573.csv,6
.\6\5574.csv,6
.\6\5575.csv,6
.\6\5576.csv,6
.\6\5577.csv,6
.\6\5580.csv,6
.\6\5581.csv,6
.\6\5582.csv,6
.\6\5583.csv,6
.\6\5584.csv,6
.\6\5585.csv,6
.\6\5586.csv,6
.\6\5587.csv,6
.\6\5590.csv,6
.\6\5591.csv,6
.\6\5592.csv,6
.\6\5593.csv,6
.\6\5594.csv,6
.\6\5595.csv,6
.\6\5596.csv,6
.\6\5597.csv,6
.\6\5600.csv,6
.\6\5601.csv,6
.\6\5602.csv,6
.\6\5603.csv,6
.\6\5604.csv,6
.\6\5605.csv,6
.\6\5606.csv,6
.\6\5607.csv,6
.\6\5610.csv,6
.\6\5611.csv,6
.\6\5612.csv,6
.\6\5613.csv,6
.\6\5614.csv,6
.\6\5615.csv,6
.\6\5616.csv,6
.\6\5617.csv,6
.\6\5620.csv,6
.\6\5621.csv,6
.\6\5622.csv,6
.\6\5623.csv,6
.\6\5624.csv,6
.\6\5625.csv,6
.\6\5626.csv,6
.\6\5627.csv,6
.\6\5630.csv,6
.\6\5631.csv,6
.\6\5632.csv,6
.\6\5633.csv,6
.\6\5634.csv,6
.\6\5635.csv,6
.\6\5636.csv,6
.\6\5637.csv,6
.\6\5640.csv,6
.\6\5641.csv,6
.\6\5642.csv,6
.\6\5643.csv,6
.\6\5644.csv,6
.\6\5645.csv,6
.\6\5646.csv,6
.\6\5647.csv,6
.\6\5650.csv,6
.\6\5651.csv,6
.\6\5652.csv,6
.\6\5653.csv,6
.\6\5654.csv,6
.\6\5655.csv,6
.\6\5656.csv,6
.\6\5657.csv,6
.\6\5660.csv,6
.\6\5661.csv,6
.\6\5662.csv,6
.\6\5663.csv,6
.\6\5664.csv,6
.\6\5665.csv,6
.\6\5666.csv,6
.\6\5667.csv,6
.\6\5670.csv,6
.\6\5671.csv,6
.\6\5672.csv,6
.\6\5673.csv,6
.\6\5674.csv,6
.\6\5675.csv,6
.\6\5676.csv,6
.\6\5677.csv,6
.\6\5680.csv,6
.\6\5681.csv,6
.\6\5682.csv,6
.\6\5683.csv,6
.\6\5684.csv,6
.\6\5685.csv,6
.\6\5686.csv,6
.\6\5687.csv,6
.\6\5690.csv,6
.\6\5691.csv,6
.\6\5692.csv,6
.\6\5693.csv,6
.\6\5694.csv,6
.\6\5695.csv,6
.\6\5696.csv,6
.\7\5697.csv,7
.\7\5700.csv,7
.\7\5701.csv,7
.\7\5702.csv,7
.\7\5703.csv,7
.\7\5704.csv,7
.\7\5705.csv,7
.\7\5706.csv,7
.\7\5707.csv,7
.\7\5710.csv,7
.\7\5711.csv,7
.\7\5712.csv,7
.\7\5713.csv,7
.\7\5714.csv,7
.\7\5715.csv,7
.\7\5716.csv,7
.\7\5717.csv,7
.\7\5720.csv,7
.\7\5721.csv,7
.\7\5722.csv,7
.\7\5723.csv,7
.\7\5724.csv,7
.\7\5725.csv,7
.\7\5726.csv,7
.\7\5727.csv,7
.\7\5730.csv,7
.\7\5731.csv,7
.\7\5732.csv,7
.\7\5733.csv,7
.\7\5734.csv,7
.\7\5735.csv,7
.\7\5736.csv,7
.\7\5737.csv,7
.\7\5740.csv,7
.\7\5741.csv,7
.\7\5742.csv,7
.\7\5743.csv,7
.\7\5744.csv,7
.\7\5745.csv,7
.\7\5746.csv,7
.\7\5747.csv,7
.\7\5750.csv,7
.\7\5751.csv,7
.\7\5752.csv,7
.\7\5753.csv,7
.\7\5754.csv,7
.\7\5755.csv,7
.\7\5756.csv,7
.\7\5757.csv,7
.\7\5760.csv,7
.\7\5761.csv,7
.\7\5762.csv,7
.\7\5763.csv,7
.\7\5764.csv,7
.\7\5765.csv,7
.\7\5766.csv,7
.\7\5767.csv,7
.\7\5770.csv,7
.\7\5771.csv,7
.\7\5772.csv,7
.\7\5773.csv,7
.\7\5774.csv,7
.\7\5775.csv,7
.\7\5776.csv,7
.\7\5777.csv,7
.\7\5780.csv,7
.\7\5781.csv,7
.\7\5782.csv,7
.\7\5783.csv,7
.\7\5784.csv,7
.\7\5785.csv,7
.\7\5786.csv,7
.\7\5787.csv,7
.\7\5790.csv,7
.\7\5791.csv,7
.\7\5792.csv,7
.\7\5793.csv,7
.\7\5794.csv,7
.\7\5795.csv,7
.\7\5796.csv,7
.\7\5797.csv,7
.\7\5800.csv,7
.\7\5801.csv,7
.\7\5802.csv,7
.\7\5803.csv,7
.\7\5804.csv,7
.\7\5805.csv,7
.\7\5806.csv,7
.\7\5807.csv,7
.\7\5810.csv,7
.\7\5811.csv,7
.\7\5812.csv,7
.\7\5813.csv,7
.\7\5814.csv,7
.\7\5815.csv,7
.\7\5816.csv,7
.\7\5817.csv,7
.\7\5820.csv,7
.\7\5821.csv,7
.\7\5822.csv,7
.\7\5823.csv,7
.\7\5824.csv,7
.\7\5825.csv,7
.\7\5826.csv,7
.\7\5827.csv,7
.\7\5830.csv,7
.\7\5831.csv,7
.\7\5832.csv,7
.\7\5833.csv,7
.\7\5834.csv,7
.\7\5835.csv,7
.\7\5836.csv,7
.\7\5837.csv,7
.\7\5840.csv,7
.\7\5841.csv,7
.\7\5842.csv,7
.\7\5843.csv,7
.\7\5844.csv,7
.\7\5845.csv,7
.\7\5846.csv,7
.\7\5847.csv,7
.\7\5850.csv,7
.\7\5851.csv,7
.\7\5852.csv,7
.\7\5853.csv,7
.\7\5854.csv,7
.\7\5855.csv,7
.\7\5856.csv,7
.\7\5857.csv,7
.\7\5860.csv,7
.\7\5861.csv,7
.\7\5862.csv,7
.\7\5863.csv,7
.\7\5864.csv,7
.\7\5865.csv,7
.\7\5866.csv,7
.\7\5867.csv,7
.\7\5870.csv,7
.\7\5871.csv,7
.\7\5872.csv,7
.\7\5873.csv,7
.\7\5874.csv,7
.\7\5875.csv,7
.\7\5876.csv,7
.\7\5877.csv,7
.\7\5880.csv,7
.\7\5881.csv,7
.\7\5882.csv,7
.\7\5883.csv,7
.\7\5884.csv,7
.\7\5885.csv,7
.\7\5886.csv,7
.\7\5887.csv,7
.\7\5890.csv,7
.\7\5891.csv,7
.\7\5892.csv,7
.\7\5893.csv,7
.\7\5894.csv,7
.\7\5895.csv,7
.\7\5896.csv,7
.\7\5897.csv,7
.\7\5900.csv,7
.\7\5901.csv,7
.\7\5902.csv,7
.\7\5903.csv,7
.\7\5904.csv,7
.\7\5905.csv,7
.\7\5906.csv,7
.\7\5907.csv,7
.\7\5910.csv,7
.\7\5911.csv,7
.\7\5912.csv,7
.\7\5913.csv,7
.\7\5914.csv,7
.\7\5915.csv,7
.\7\5916.csv,7
.\7\5917.csv,7
.\7\5920.csv,7
.\7\5921.csv,7
.\7\5922.csv,7
.\7\5923.csv,7
.\7\5924.csv,7
.\7\5925.csv,7
.\7\5926.csv,7
.\7\5927.csv,7
.\7\5930.csv,7
.\7\5931.csv,7
.\7\5932.csv,7
.\7\5933.csv,7
.\7\5934.csv,7
.\7\5935.csv,7
.\7\5936.csv,7
.\7\5937.csv,7
.\7\5940.csv,7
.\7\5941.csv,7
.\7\5942.csv,7
.\7\5943.csv,7
.\7\5944.csv,7
.\7\5945.csv,7
.\7\5946.csv,7
.\7\5947.csv,7
.\7\5950.csv,7
.\7\5951.csv,7
.\7\5952.csv,7
.\7\5953.csv,7
.\7\5954.csv,7
.\7\5955.csv,7
.\7\5956.csv,7
.\7\5957.csv,7
.\7\5960.csv,7
.\7\5961.csv,7
.\7\5962.csv,7
.\7\5963.csv,7
.\7\5964.csv,7
.\7\5965.csv,7
.\7\5966.csv,7
.\7\5967.csv,7
.\7\5970.csv,7
.\7\5971.csv,7
.\7\5972.csv,7
.\7\5973.csv,7
.\7\5974.csv,7
.\7\5975.csv,7
.\7\5976.csv,7
.\7\5977.csv,7
.\7\5980.csv,7
.\7\5981.csv,7
.\7\5982.csv,7
.\7\5983.csv,7
.\7\5984.csv,7
.\7\5985.csv,7
.\7\5986.csv,7
.\7\5987.csv,7
.\7\5990.csv,7
.\7\5991.csv,7
.\7\5992.csv,7
.\7\5993.csv,7
.\7\5994.csv,7
.\7\5995.csv,7
.\7\5996.csv,7
.\7\5997.csv,7
.\7\6000.csv,7
.\7\6001.csv,7
.\7\6002.csv,7
.\7\6003.csv,7
.\7\6004.csv,7
.\7\6005.csv,7
.\7\6006.csv,7
.\7\6007.csv,7
.\7\6010.csv,7
.\7\6011.csv,7
.\7\6012.csv,7
.\7\6013.csv,7
.\7\6014.csv,7
.\7\6015.csv,7
.\7\6016.csv,7
.\7\6017.csv,7
.\7\6020.csv,7
.\7\6021.csv,7
.\7\6022.csv,7
.\7\6023.csv,7
.\7\6024.csv,7
.\7\6025.csv,7
.\7\6026.csv,7
.\7\6027.csv,7
.\7\6030.csv,7
.\7\6031.csv,7
.\7\6032.csv,7
.\7\6033.csv,7
.\7\6034.csv,7
.\7\6035.csv,7
.\7\6036.csv,7
.\7\6037.csv,7
.\7\6040.csv,7
.\7\6041.csv,7
.\7\6042.csv,7
.\7\6043.csv,7
.\7\6044.csv,7
.\7\6045.csv,7
.\7\6046.csv,7
.\7\6047.csv,7
.\7\6050.csv,7
.\7\6051.csv,7
.\7\6052.csv,7
.\7\6053.csv,7
.\7\6054.csv,7
.\7\6055.csv,7
.\7\6056.csv,7
.\7\6057.csv,7
.\7\6060.csv,7
.\7\6061.csv,7
.\7\6062.csv,7
.\7\6063.csv,7
.\7\6064.csv,7
.\7\6065.csv,7
.\7\6066.csv,7
.\7\6067.csv,7
.\7\6070.csv,7
.\7\6071.csv,7
.\7\6072.csv,7
.\7\6073.csv,7
.\7\6074.csv,7
.\7\6075.csv,7
.\7\6076.csv,7
.\7\6077.csv,7
.\7\6080.csv,7
.\7\6081.csv,7
.\7\6082.csv,7
.\7\6083.csv,7
.\7\6084.csv,7
.\7\6085.csv,7
.\7\6086.csv,7
.\7\6087.csv,7
.\7\6090.csv,7
.\7\6091.csv,7
.\7\6092.csv,7
.\7\6093.csv,7
.\7\6094.csv,7
.\7\6095.csv,7
.\7\6096.csv,7
.\7\6097.csv,7
.\7\6100.csv,7
.\7\6101.csv,7
.\7\6102.csv,7
.\7\6103.csv,7
.\7\6104.csv,7
.\7\6105.csv,7
.\7\6106.csv,7
.\7\6107.csv,7
.\7\6110.csv,7
.\7\6111.csv,7
.\7\6112.csv,7
.\7\6113.csv,7
.\7\6114.csv,7
.\7\6115.csv,7
.\7\6116.csv,7
.\7\6117.csv,7
.\7\6120.csv,7
.\7\6121.csv,7
.\7\6122.csv,7
.\7\6123.csv,7
.\7\6124.csv,7
.\7\6125.csv,7
.\7\6126.csv,7
.\7\6127.csv,7
.\7\6130.csv,7
.\7\6131.csv,7
.\7\6132.csv,7
.\7\6133.csv,7
.\7\6134.csv,7
.\7\6135.csv,7
.\7\6136.csv,7
.\7\6137.csv,7
.\7\6140.csv,7
.\7\6141.csv,7
.\7\6142.csv,7
.\7\6143.csv,7
.\7\6144.csv,7
.\7\6145.csv,7
.\7\6146.csv,7
.\7\6147.csv,7
.\7\6150.csv,7
.\7\6151.csv,7
.\7\6152.csv,7
.\7\6153.csv,7
.\7\6154.csv,7
.\7\6155.csv,7
.\7\6156.csv,7
.\7\6157.csv,7
.\7\6160.csv,7
.\7\6161.csv,7
.\7\6162.csv,7
.\7\6163.csv,7
.\7\6164.csv,7
.\7\6165.csv,7
.\7\6166.csv,7
.\7\6167.csv,7
.\7\6170.csv,7
.\7\6171.csv,7
.\7\6172.csv,7
.\7\6173.csv,7
.\7\6174.csv,7
.\7\6175.csv,7
.\7\6176.csv,7
.\7\6177.csv,7
.\7\6180.csv,7
.\7\6181.csv,7
.\7\6182.csv,7
.\7\6183.csv,7
.\7\6184.csv,7
.\7\6185.csv,7
.\7\6186.csv,7
.\7\6187.csv,7
.\7\6190.csv,7
.\7\6191.csv,7
.\7\6192.csv,7
.\7\6193.csv,7
.\7\6194.csv,7
.\7\6195.csv,7
.\7\6196.csv,7
.\7\6197.csv,7
.\7\6200.csv,7
.\7\6201.csv,7
.\7\6202.csv,7
.\7\6203.csv,7
.\7\6204.csv,7
.\7\6205.csv,7
.\7\6206.csv,7
.\7\6207.csv,7
.\7\6210.csv,7
.\7\6211.csv,7
.\7\6212.csv,7
.\7\6213.csv,7
.\7\6214.csv,7
.\7\6215.csv,7
.\7\6216.csv,7
.\7\6217.csv,7
.\7\6220.csv,7
.\7\6221.csv,7
.\7\6222.csv,7
.\7\6223.csv,7
.\7\6224.csv,7
.\7\6225.csv,7
.\7\6226.csv,7
.\7\6227.csv,7
.\7\6230.csv,7
.\7\6231.csv,7
.\7\6232.csv,7
.\7\6233.csv,7
.\7\6234.csv,7
.\7\6235.csv,7
.\7\6236.csv,7
.\7\6237.csv,7
.\7\6240.csv,7
.\7\6241.csv,7
.\7\6242.csv,7
.\7\6243.csv,7
.\7\6244.csv,7
.\7\6245.csv,7
.\7\6246.csv,7
.\7\6247.csv,7
.\7\6250.csv,7
.\7\6251.csv,7
.\7\6252.csv,7
.\7\6253.csv,7
.\7\6254.csv,7
.\7\6255.csv,7
.\7\6256.csv,7
.\7\6257.csv,7
.\7\6260.csv,7
.\7\6261.csv,7
.\7\6262.csv,7
.\7\6263.csv,7
.\7\6264.csv,7
.\7\6265.csv,7
.\7\6266.csv,7
.\7\6267.csv,7
.\7\6270.csv,7
.\7\6271.csv,7
.\7\6272.csv,7
.\7\6273.csv,7
.\7\6274.csv,7
.\7\6275.csv,7
.\7\6276.csv,7
.\7\6277.csv,7
.\7\6280.csv,7
.\7\6281.csv,7
.\7\6282.csv,7
.\7\6283.csv,7
.\7\6284.csv,7
.\7\6285.csv,7
.\7\6286.csv,7
.\7\6287.csv,7
.\7\6290.csv,7
.\7\6291.csv,7
.\7\6292.csv,7
.\7\6293.csv,7
.\7\6294.csv,7
.\7\6295.csv,7
.\7\6296.csv,7
.\7\6297.csv,7
.\7\6300.csv,7
.\7\6301.csv,7
.\7\6302.csv,7
.\7\6303.csv,7
.\7\6304.csv,7
.\7\6305.csv,7
.\7\6306.csv,7
.\7\6307.csv,7
.\7\6310.csv,7
.\7\6311.csv,7
.\7\6312.csv,7
.\7\6313.csv,7
.\7\6314.csv,7
.\7\6315.csv,7
.\7\6316.csv,7
.\7\6317.csv,7
.\7\6320.csv,7
.\7\6321.csv,7
.\7\6322.csv,7
.\7\6323.csv,7
.\7\6324.csv,7
.\7\6325.csv,7
.\7\6326.csv,7
.\7\6327.csv,7
.\7\6330.csv,7
.\7\6331.csv,7
.\7\6332.csv,7
.\7\6333.csv,7
.\7\6334.csv,7
.\7\6335.csv,7
.\7\6336.csv,7
.\7\6337.csv,7
.\7\6340.csv,7
.\7\6341.csv,7
.\7\6342.csv,7
.\7\6343.csv,7
.\7\6344.csv,7
.\7\6345.csv,7
.\7\6346.csv,7
.\7\6347.csv,7
.\7\6350.csv,7
.\7\6351.csv,7
.\7\6352.csv,7
.\7\6353.csv,7
.\7\6354.csv,7
.\7\6355.csv,7
.\7\6356.csv,7
.\7\6357.csv,7
.\7\6360.csv,7
.\7\6361.csv,7
.\7\6362.csv,7
.\7\6363.csv,7
.\7\6364.csv,7
.\7\6365.csv,7
.\7\6366.csv,7
.\7\6367.csv,7
.\7\6370.csv,7
.\7\6371.csv,7
.\7\6372.csv,7
.\7\6373.csv,7
.\7\6374.csv,7
.\7\6375.csv,7
.\7\6376.csv,7
.\7\6377.csv,7
.\7\6380.csv,7
.\7\6381.csv,7
.\7\6382.csv,7
.\7\6383.csv,7
.\7\6384.csv,7
.\7\6385.csv,7
.\7\6386.csv,7
.\7\6387.csv,7
.\7\6390.csv,7
.\7\6391.csv,7
.\7\6392.csv,7
.\7\6393.csv,7
.\7\6394.csv,7
.\7\6395.csv,7
.\7\6396.csv,7
.\7\6397.csv,7
.\7\6400.csv,7
.\7\6401.csv,7
.\7\6402.csv,7
.\7\6403.csv,7
.\7\6404.csv,7
.\7\6405.csv,7
.\7\6406.csv,7
.\7\6407.csv,7
.\7\6410.csv,7
.\7\6411.csv,7
.\7\6412.csv,7
.\7\6413.csv,7
.\7\6414.csv,7
.\7\6415.csv,7
.\7\6416.csv,7
.\7\6417.csv,7
.\7\6420.csv,7
.\7\6421.csv,7
.\7\6422.csv,7
.\7\6423.csv,7
.\7\6424.csv,7
.\7\6425.csv,7
.\7\6426.csv,7
.\7\6427.csv,7
.\7\6430.csv,7
.\7\6431.csv,7
.\7\6432.csv,7
.\7\6433.csv,7
.\7\6434.csv,7
.\7\6435.csv,7
.\7\6436.csv,7
.\7\6437.csv,7
.\7\6440.csv,7
.\7\6441.csv,7
.\7\6442.csv,7
.\7\6443.csv,7
.\7\6444.csv,7
.\7\6445.csv,7
.\7\6446.csv,7
.\7\6447.csv,7
.\7\6450.csv,7
.\7\6451.csv,7
.\7\6452.csv,7
.\7\6453.csv,7
.\7\6454.csv,7
.\7\6455.csv,7
.\7\6456.csv,7
.\7\6457.csv,7
.\7\6460.csv,7
.\7\6461.csv,7
.\7\6462.csv,7
.\7\6463.csv,7
.\7\6464.csv,7
.\7\6465.csv,7
.\7\6466.csv,7
.\7\6467.csv,7
.\7\6470.csv,7
.\7\6471.csv,7
.\7\6472.csv,7
.\7\6473.csv,7
.\7\6474.csv,7
.\7\6475.csv,7
.\7\6476.csv,7
.\7\6477.csv,7
.\7\6480.csv,7
.\7\6481.csv,7
.\7\6482.csv,7
.\7\6483.csv,7
.\7\6484.csv,7
.\7\6485.csv,7
.\7\6486.csv,7
.\7\6487.csv,7
.\7\6490.csv,7
.\7\6491.csv,7
.\7\6492.csv,7
.\7\6493.csv,7
.\7\6494.csv,7
.\7\6495.csv,7
.\7\6496.csv,7
.\7\6497.csv,7
.\7\6500.csv,7
.\7\6501.csv,7
.\7\6502.csv,7
.\7\6503.csv,7
.\7\6504.csv,7
.\7\6505.csv,7
.\7\6506.csv,7
.\7\6507.csv,7
.\7\6510.csv,7
.\7\6511.csv,7
.\7\6512.csv,7
.\7\6513.csv,7
.\7\6514.csv,7
.\7\6515.csv,7
.\7\6516.csv,7
.\7\6517.csv,7
.\7\6520.csv,7
.\7\6521.csv,7
.\7\6522.csv,7
.\7\6523.csv,7
.\7\6524.csv,7
.\7\6525.csv,7
.\7\6526.csv,7
.\7\6527.csv,7
.\7\6530.csv,7
.\7\6531.csv,7
.\7\6532.csv,7
.\7\6533.csv,7
.\7\6534.csv,7
.\7\6535.csv,7
.\7\6536.csv,7
.\7\6537.csv,7
.\7\6540.csv,7
.\7\6541.csv,7
.\7\6542.csv,7
.\7\6543.csv,7
.\7\6544.csv,7
.\7\6545.csv,7
.\7\6546.csv,7
.\7\6547.csv,7
.\7\6550.csv,7
.\7\6551.csv,7
.\7\6552.csv,7
.\7\6553.csv,7
.\7\6554.csv,7
.\7\6555.csv,7
.\7\6556.csv,7
.\7\6557.csv,7
.\7\6560.csv,7
.\7\6561.csv,7
.\7\6562.csv,7
.\7\6563.csv,7
.\7\6564.csv,7
.\7\6565.csv,7
.\7\6566.csv,7
.\7\6567.csv,7
.\7\6570.csv,7
.\7\6571.csv,7
.\7\6572.csv,7
.\7\6573.csv,7
.\7\6574.csv,7
.\7\6575.csv,7
.\7\6576.csv,7
.\7\6577.csv,7
.\7\6580.csv,7
.\7\6581.csv,7
.\7\6582.csv,7
.\7\6583.csv,7
.\7\6584.csv,7
.\7\6585.csv,7
.\7\6586.csv,7
.\7\6587.csv,7
.\7\6590.csv,7
.\7\6591.csv,7
.\7\6592.csv,7
.\7\6593.csv,7
.\7\6594.csv,7
.\7\6595.csv,7
.\7\6596.csv,7
.\8\6597.csv,8
.\8\6600.csv,8
.\8\6601.csv,8
.\8\6602.csv,8
.\8\6603.csv,8
.\8\6604.csv,8
.\8\6605.csv,8
.\8\6606.csv,8
.\8\6607.csv,8
.\8\6610.csv,8
.\8\6611.csv,8
.\8\6612.csv,8
.\8\6613.csv,8
.\8\6614.csv,8
.\8\6615.csv,8
.\8\6616.csv,8
.\8\6617.csv,8
.\8\6620.csv,8
.\8\6621.csv,8
.\8\6622.csv,8
.\8\6623.csv,8
.\8\6624.csv,8
.\8\6625.csv,8
.\8\6626.csv,8
.\8\6627.csv,8
.\8\6630.csv,8
.\8\6631.csv,8
.\8\6632.csv,8
.\8\6633.csv,8
.\8\6634.csv,8
.\8\6635.csv,8
.\8\6636.csv,8
.\8\6637.csv,8
.\8\6640.csv,8
.\8\6641.csv,8
.\8\6642.csv,8
.\8\6643.csv,8
.\8\6644.csv,8
.\8\6645.csv,8
.\8\6646.csv,8
.\8\6647.csv,8
.\8\6650.csv,8
.\8\6651.csv,8
.\8\6652.csv,8
.\8\6653.csv,8
.\8\6654.csv,8
.\8\6655.csv,8
.\8\6656.csv,8
.\8\6657.csv,8
.\8\6660.csv,8
.\8\6661.csv,8
.\8\6662.csv,8
.\8\6663.csv,8
.\8\6664.csv,8
.\8\6665.csv,8
.\8\6666.csv,8
.\8\6667.csv,8
.\8\6670.csv,8
.\8\6671.csv,8
.\8\6672.csv,8
.\8\6673.csv,8
.\8\6674.csv,8
.\8\6675.csv,8
.\8\6676.csv,8
.\8\6677.csv,8
.\8\6680.csv,8
.\8\6681.csv,8
.\8\6682.csv,8
.\8\6683.csv,8
.\8\6684.csv,8
.\8\6685.csv,8
.\8\6686.csv,8
.\8\6687.csv,8
.\8\6690.csv,8
.\8\6691.csv,8
.\8\6692.csv,8
.\8\6693.csv,8
.\8\6694.csv,8
.\8\6695.csv,8
.\8\6696.csv,8
.\8\6697.csv,8
.\8\6700.csv,8
.\8\6701.csv,8
.\8\6702.csv,8
.\8\6703.csv,8
.\8\6704.csv,8
.\8\6705.csv,8
.\8\6706.csv,8
.\8\6707.csv,8
.\8\6710.csv,8
.\8\6711.csv,8
.\8\6712.csv,8
.\8\6713.csv,8
.\8\6714.csv,8
.\8\6715.csv,8
.\8\6716.csv,8
.\8\6717.csv,8
.\8\6720.csv,8
.\8\6721.csv,8
.\8\6722.csv,8
.\8\6723.csv,8
.\8\6724.csv,8
.\8\6725.csv,8
.\8\6726.csv,8
.\8\6727.csv,8
.\8\6730.csv,8
.\8\6731.csv,8
.\8\6732.csv,8
.\8\6733.csv,8
.\8\6734.csv,8
.\8\6735.csv,8
.\8\6736.csv,8
.\8\6737.csv,8
.\8\6740.csv,8
.\8\6741.csv,8
.\8\6742.csv,8
.\8\6743.csv,8
.\8\6744.csv,8
.\8\6745.csv,8
.\8\6746.csv,8
.\8\6747.csv,8
.\8\6750.csv,8
.\8\6751.csv,8
.\8\6752.csv,8
.\8\6753.csv,8
.\8\6754.csv,8
.\8\6755.csv,8
.\8\6756.csv,8
.\8\6757.csv,8
.\8\6760.csv,8
.\8\6761.csv,8
.\8\6762.csv,8
.\8\6763.csv,8
.\8\6764.csv,8
.\8\6765.csv,8
.\8\6766.csv,8
.\8\6767.csv,8
.\8\6770.csv,8
.\8\6771.csv,8
.\8\6772.csv,8
.\8\6773.csv,8
.\8\6774.csv,8
.\8\6775.csv,8
.\8\6776.csv,8
.\8\6777.csv,8
.\8\6780.csv,8
.\8\6781.csv,8
.\8\6782.csv,8
.\8\6783.csv,8
.\8\6784.csv,8
.\8\6785.csv,8
.\8\6786.csv,8
.\8\6787.csv,8
.\8\6790.csv,8
.\8\6791.csv,8
.\8\6792.csv,8
.\8\6793.csv,8
.\8\6794.csv,8
.\8\6795.csv,8
.\8\6796.csv,8
.\8\6797.csv,8
.\8\6800.csv,8
.\8\6801.csv,8
.\8\6802.csv,8
.\8\6803.csv,8
.\8\6804.csv,8
.\8\6805.csv,8
.\8\6806.csv,8
.\8\6807.csv,8
.\8\6810.csv,8
.\8\6811.csv,8
.\8\6812.csv,8
.\8\6813.csv,8
.\8\6814.csv,8
.\8\6815.csv,8
.\8\6816.csv,8
.\8\6817.csv,8
.\8\6820.csv,8
.\8\6821.csv,8
.\8\6822.csv,8
.\8\6823.csv,8
.\8\6824.csv,8
.\8\6825.csv,8
.\8\6826.csv,8
.\8\6827.csv,8
.\8\6830.csv,8
.\8\6831.csv,8
.\8\6832.csv,8
.\8\6833.csv,8
.\8\6834.csv,8
.\8\6835.csv,8
.\8\6836.csv,8
.\8\6837.csv,8
.\8\6840.csv,8
.\8\6841.csv,8
.\8\6842.csv,8
.\8\6843.csv,8
.\8\6844.csv,8
.\8\6845.csv,8
.\8\6846.csv,8
.\8\6847.csv,8
.\8\6850.csv,8
.\8\6851.csv,8
.\8\6852.csv,8
.\8\6853.csv,8
.\8\6854.csv,8
.\8\6855.csv,8
.\8\6856.csv,8
.\8\6857.csv,8
.\8\6860.csv,8
.\8\6861.csv,8
.\8\6862.csv,8
.\8\6863.csv,8
.\8\6864.csv,8
.\8\6865.csv,8
.\8\6866.csv,8
.\8\6867.csv,8
.\8\6870.csv,8
.\8\6871.csv,8
.\8\6872.csv,8
.\8\6873.csv,8
.\8\6874.csv,8
.\8\6875.csv,8
.\8\6876.csv,8
.\8\6877.csv,8
.\8\6880.csv,8
.\8\6881.csv,8
.\8\6882.csv,8
.\8\6883.csv,8
.\8\6884.csv,8
.\8\6885.csv,8
.\8\6886.csv,8
.\8\6887.csv,8
.\8\6890.csv,8
.\8\6891.csv,8
.\8\6892.csv,8
.\8\6893.csv,8
.\8\6894.csv,8
.\8\6895.csv,8
.\8\6896.csv,8
.\8\6897.csv,8
.\8\6900.csv,8
.\8\6901.csv,8
.\8\6902.csv,8
.\8\6903.csv,8
.\8\6904.csv,8
.\8\6905.csv,8
.\8\6906.csv,8
.\8\6907.csv,8
.\8\6910.csv,8
.\8\6911.csv,8
.\8\6912.csv,8
.\8\6913.csv,8
.\8\6914.csv,8
.\8\6915.csv,8
.\8\6916.csv,8
.\8\6917.csv,8
.\8\6920.csv,8
.\8\6921.csv,8
.\8\6922.csv,8
.\8\6923.csv,8
.\8\6924.csv,8
.\8\6925.csv,8
.\8\6926.csv,8
.\8\6927.csv,8
.\8\6930.csv,8
.\8\6931.csv,8
.\8\6932.csv,8
.\8\6933.csv,8
.\8\6934.csv,8
.\8\6935.csv,8
.\8\6936.csv,8
.\8\6937.csv,8
.\8\6940.csv,8
.\8\6941.csv,8
.\8\6942.csv,8
.\8\6943.csv,8
.\8\6944.csv,8
.\8\6945.csv,8
.\8\6946.csv,8
.\8\6947.csv,8
.\8\6950.csv,8
.\8\6951.csv,8
.\8\6952.csv,8
.\8\6953.csv,8
.\8\6954.csv,8
.\8\6955.csv,8
.\8\6956.csv,8
.\8\6957.csv,8
.\8\6960.csv,8
.\8\6961.csv,8
.\8\6962.csv,8
.\8\6963.csv,8
.\8\6964.csv,8
.\8\6965.csv,8
.\8\6966.csv,8
.\8\6967.csv,8
.\8\6970.csv,8
.\8\6971.csv,8
.\8\6972.csv,8
.\8\6973.csv,8
.\8\6974.csv,8
.\8\6975.csv,8
.\8\6976.csv,8
.\8\6977.csv,8
.\8\6980.csv,8
.\8\6981.csv,8
.\8\6982.csv,8
.\8\6983.csv,8
.\8\6984.csv,8
.\8\6985.csv,8
.\8\6986.csv,8
.\8\6987.csv,8
.\8\6990.csv,8
.\8\6991.csv,8
.\8\6992.csv,8
.\8\6993.csv,8
.\8\6994.csv,8
.\8\6995.csv,8
.\8\6996.csv,8
.\8\6997.csv,8
.\8\7000.csv,8
.\8\7001.csv,8
.\8\7002.csv,8
.\8\7003.csv,8
.\8\7004.csv,8
.\8\7005.csv,8
.\8\7006.csv,8
.\8\7007.csv,8
.\8\7010.csv,8
.\8\7011.csv,8
.\8\7012.csv,8
.\8\7013.csv,8
.\8\7014.csv,8
.\8\7015.csv,8
.\8\7016.csv,8
.\8\7017.csv,8
.\8\7020.csv,8
.\8\7021.csv,8
.\8\7022.csv,8
.\8\7023.csv,8
.\8\7024.csv,8
.\8\7025.csv,8
.\8\7026.csv,8
.\8\7027.csv,8
.\8\7030.csv,8
.\8\7031.csv,8
.\8\7032.csv,8
.\8\7033.csv,8
.\8\7034.csv,8
.\8\7035.csv,8
.\8\7036.csv,8
.\8\7037.csv,8
.\8\7040.csv,8
.\8\7041.csv,8
.\8\7042.csv,8
.\8\7043.csv,8
.\8\7044.csv,8
.\8\7045.csv,8
.\8\7046.csv,8
.\8\7047.csv,8
.\8\7050.csv,8
.\8\7051.csv,8
.\8\7052.csv,8
.\8\7053.csv,8
.\8\7054.csv,8
.\8\7055.csv,8
.\8\7056.csv,8
.\8\7057.csv,8
.\8\7060.csv,8
.\8\7061.csv,8
.\8\7062.csv,8
.\8\7063.csv,8
.\8\7064.csv,8
.\8\7065.csv,8
.\8\7066.csv,8
.\8\7067.csv,8
.\8\7070.csv,8
.\8\7071.csv,8
.\8\7072.csv,8
.\8\7073.csv,8
.\8\7074.csv,8
.\8\7075.csv,8
.\8\7076.csv,8
.\8\7077.csv,8
.\8\7080.csv,8
.\8\7081.csv,8
.\8\7082.csv,8
.\8\7083.csv,8
.\8\7084.csv,8
.\8\7085.csv,8
.\8\7086.csv,8
.\8\7087.csv,8
.\8\7090.csv,8
.\8\7091.csv,8
.\8\7092.csv,8
.\8\7093.csv,8
.\8\7094.csv,8
.\8\7095.csv,8
.\8\7096.csv,8
.\8\7097.csv,8
.\8\7100.csv,8
.\8\7101.csv,8
.\8\7102.csv,8
.\8\7103.csv,8
.\8\7104.csv,8
.\8\7105.csv,8
.\8\7106.csv,8
.\8\7107.csv,8
.\8\7110.csv,8
.\8\7111.csv,8
.\8\7112.csv,8
.\8\7113.csv,8
.\8\7114.csv,8
.\8\7115.csv,8
.\8\7116.csv,8
.\8\7117.csv,8
.\8\7120.csv,8
.\8\7121.csv,8
.\8\7122.csv,8
.\8\7123.csv,8
.\8\7124.csv,8
.\8\7125.csv,8
.\8\7126.csv,8
.\8\7127.csv,8
.\8\7130.csv,8
.\8\7131.csv,8
.\8\7132.csv,8
.\8\7133.csv,8
.\8\7134.csv,8
.\8\7135.csv,8
.\8\7136.csv,8
.\8\7137.csv,8
.\8\7140.csv,8
.\8\7141.csv,8
.\8\7142.csv,8
.\8\7143.csv,8
.\8\7144.csv,8
.\8\7145.csv,8
.\8\7146.csv,8
.\8\7147.csv,8
.\8\7150.csv,8
.\8\7151.csv,8
.\8\7152.csv,8
.\8\7153.csv,8
.\8\7154.csv,8
.\8\7155.csv,8
.\8\7156.csv,8
.\8\7157.csv,8
.\8\7160.csv,8
.\8\7161.csv,8
.\8\7162.csv,8
.\8\7163.csv,8
.\8\7164.csv,8
.\8\7165.csv,8
.\8\7166.csv,8
.\8\7167.csv,8
.\8\7170.csv,8
.\8\7171.csv,8
.\8\7172.csv,8
.\8\7173.csv,8
.\8\7174.csv,8
.\8\7175.csv,8
.\8\7176.csv,8
.\8\7177.csv,8
.\8\7180.csv,8
.\8\7181.csv,8
.\8\7182.csv,8
.\8\7183.csv,8
.\8\7184.csv,8
.\8\7185.csv,8
.\8\7186.csv,8
.\8\7187.csv,8
.\8\7190.csv,8
.\8\7191.csv,8
.\8\7192.csv,8
.\8\7193.csv,8
.\8\7194.csv,8
.\8\7195.csv,8
.\8\7196.csv,8
.\8\7197.csv,8
.\8\7200.csv,8
.\8\7201.csv,8
.\8\7202.csv,8
.\8\7203.csv,8
.\8\7204.csv,8
.\8\7205.csv,8
.\8\7206.csv,8
.\8\7207.csv,8
.\8\7210.csv,8
.\8\7211.csv,8
.\8\7212.csv,8
.\8\7213.csv,8
.\8\7214.csv,8
.\8\7215.csv,8
.\8\7216.csv,8
.\8\7217.csv,8
.\8\7220.csv,8
.\8\7221.csv,8
.\8\7222.csv,8
.\8\7223.csv,8
.\8\7224.csv,8
.\8\7225.csv,8
.\8\7226.csv,8
.\8\7227.csv,8
.\8\7230.csv,8
.\8\7231.csv,8
.\8\7232.csv,8
.\8\7233.csv,8
.\8\7234.csv,8
.\8\7235.csv,8
.\8\7236.csv,8
.\8\7237.csv,8
.\8\7240.csv,8
.\8\7241.csv,8
.\8\7242.csv,8
.\8\7243.csv,8
.\8\7244.csv,8
.\8\7245.csv,8
.\8\7246.csv,8
.\8\7247.csv,8
.\8\7250.csv,8
.\8\7251.csv,8
.\8\7252.csv,8
.\8\7253.csv,8
.\8\7254.csv,8
.\8\7255.csv,8
.\8\7256.csv,8
.\8\7257.csv,8
.\8\7260.csv,8
.\8\7261.csv,8
.\8\7262.csv,8
.\8\7263.csv,8
.\8\7264.csv,8
.\8\7265.csv,8
.\8\7266.csv,8
.\8\7267.csv,8
.\8\7270.csv,8
.\8\7271.csv,8
.\8\7272.csv,8
.\8\7273.csv,8
.\8\7274.csv,8
.\8\7275.csv,8
.\8\7276.csv,8
.\8\7277.csv,8
.\8\7280.csv,8
.\8\7281.csv,8
.\8\7282.csv,8
.\8\7283.csv,8
.\8\7284.csv,8
.\8\7285.csv,8
.\8\7286.csv,8
.\8\7287.csv,8
.\8\7290.csv,8
.\8\7291.csv,8
.\8\7292.csv,8
.\8\7293.csv,8
.\8\7294.csv,8
.\8\7295.csv,8
.\8\7296.csv,8
.\8\7297.csv,8
.\8\7300.csv,8
.\8\7301.csv,8
.\8\7302.csv,8
.\8\7303.csv,8
.\8\7304.csv,8
.\8\7305.csv,8
.\8\7306.csv,8
.\8\7307.csv,8
.\8\7310.csv,8
.\8\7311.csv,8
.\8\7312.csv,8
.\8\7313.csv,8
.\8\7314.csv,8
.\8\7315.csv,8
.\8\7316.csv,8
.\8\7317.csv,8
.\8\7320.csv,8
.\8\7321.csv,8
.\8\7322.csv,8
.\8\7323.csv,8
.\8\7324.csv,8
.\8\7325.csv,8
.\8\7326.csv,8
.\8\7327.csv,8
.\8\7330.csv,8
.\8\7331.csv,8
.\8\7332.csv,8
.\8\7333.csv,8
.\8\7334.csv,8
.\8\7335.csv,8
.\8\7336.csv,8
.\8\7337.csv,8
.\8\7340.csv,8
.\8\7341.csv,8
.\8\7342.csv,8
.\8\7343.csv,8
.\8\7344.csv,8
.\8\7345.csv,8
.\8\7346.csv,8
.\8\7347.csv,8
.\8\7350.csv,8
.\8\7351.csv,8
.\8\7352.csv,8
.\8\7353.csv,8
.\8\7354.csv,8
.\8\7355.csv,8
.\8\7356.csv,8
.\8\7357.csv,8
.\8\7360.csv,8
.\8\7361.csv,8
.\8\7362.csv,8
.\8\7363.csv,8
.\8\7364.csv,8
.\8\7365.csv,8
.\8\7366.csv,8
